Country,Year,Total Population,Urban Population,Rural Population,Population Density,Life Expectancy,Birth Rate,Death Rate,Fertility Rate,Infant Mortality Rate,Growth Rate
Afghanistan,2017,null,null,null,55,63,37.342,7.027,5.129,49.4,null
Afghanistan,2018,36686784,9353296,27333488,56,63,36.927,6.981,5.002,47.8,3
Afghanistan,2019,37769499,9727157,28042342,58,64,36.466,6.791,4.87,46.3,3
Afghanistan,2020,38972230,10142913,28829317,60,63,36.051,7.113,4.75,44.8,3
Afghanistan,2021,40099462,10551772,29547690,null,62,35.842,7.344,4.643,43.4,3
Albania,2017,null,null,null,105,79,10.87,8.15,1.491,8.3,null
Albania,2018,2866376,1728969,1137407,105,79,10.517,8.308,1.44,8.3,0
Albania,2019,2854191,1747593,1106598,104,79,10.343,8.48,1.414,8.4,0
Albania,2020,2837849,1762645,1075204,104,77,10.285,10.785,1.4,8.4,-1
Albania,2021,2811666,1770478,1041188,null,76,10.24,11.325,1.39,8.4,-1
Algeria,2017,null,null,null,17,76,24.755,4.542,3.05,21,null
Algeria,2018,41927007,30451166,11475841,18,76,24.074,4.482,3.023,20.6,2
Algeria,2019,42705368,31255632,11449736,18,76,23.298,4.392,2.988,20.1,2
Algeria,2020,43451666,32038217,11413449,18,74,22.431,5.398,2.942,19.6,2
Algeria,2021,44177969,32807002,11370967,null,76,21.524,4.546,2.889,19.2,2
American Samoa,2018,48424,42203,6221,242,null,0,0,null,null,-2
American Samoa,2019,47321,41239,6082,237,null,0,0,null,null,-2
American Samoa,2020,46189,40255,5934,231,null,12.7,5.6,null,null,-2
American Samoa,2021,45035,39257,5778,null,null,0,0,null,null,-3
Andorra,2018,75013,66058,8955,160,null,7.2,4.4,null,2.9,2
Andorra,2019,76343,67170,9173,162,null,7,3.9,null,2.8,2
Andorra,2020,77700,68311,9389,165,null,0,0,null,2.7,2
Andorra,2021,79034,69438,9596,null,null,0,0,null,2.6,2
Angola,2017,null,null,null,24,62,40.81,8.242,5.6,53.8,null
Angola,2018,31273533,20488542,10784991,25,62,40.236,7.99,5.519,52,3
Angola,2019,32353588,21410634,10942954,26,62,39.725,7.811,5.442,50.4,3
Angola,2020,33428486,22338586,11089900,27,62,39.271,7.821,5.371,48.7,3
Angola,2021,34503774,23276246,11227528,null,62,38.809,8.009,5.304,47.2,3
Antigua And Barbuda,2017,null,null,null,207,78,11.789,5.746,1.485,6,null
Antigua And Barbuda,2018,91626,22539,69087,208,79,10.816,5.787,1.371,5.7,1
Antigua And Barbuda,2019,92117,22574,69543,209,79,11.485,5.865,1.468,5.5,1
Antigua And Barbuda,2020,92664,22641,70023,211,79,12.16,5.961,1.569,5.3,1
Antigua And Barbuda,2021,93219,22727,70492,null,78,12.115,6.365,1.58,5.2,1
Argentina,2017,null,null,null,16,77,16.206,7.692,2.168,9.1,null
Argentina,2018,44494502,40877099,3617403,16,77,15.187,7.68,2.039,8.4,1
Argentina,2019,44938712,41339571,3599141,16,77,14.783,7.6,1.994,7.6,1
Argentina,2020,45376763,41796990,3579773,17,76,14.125,8.509,1.911,6.8,1
Argentina,2021,45808747,42248949,3559798,null,75,13.902,8.955,1.885,6.1,1
Armenia,2017,null,null,null,100,75,13.606,9.664,1.562,11.6,null
Armenia,2018,2836557,1791257,1045300,100,75,13.307,9.75,1.572,11.1,-1
Armenia,2019,2820602,1783156,1037446,99,75,12.892,9.662,1.575,10.5,-1
Armenia,2020,2805608,1776315,1029293,99,72,12.455,12.792,1.575,10,-1
Armenia,2021,2790974,1770343,1020631,null,72,12.049,13.007,1.575,9.5,-1
Aruba,2017,null,null,null,586,76,11.53,8.414,1.839,null,null
Aruba,2018,105962,45999,59963,589,76,9.881,8.597,1.587,null,0
Aruba,2019,106442,46351,60091,591,76,9.138,8.778,1.486,null,0
Aruba,2020,106585,46574,60011,592,76,8.102,9.69,1.325,null,0
Aruba,2021,106537,46734,59803,null,75,7.193,11.235,1.18,null,0
Australia,2017,null,null,null,3,83,12.6,6.5,1.741,3.2,null
Australia,2018,24966643,21474309,3492334,3,83,12.6,6.3,1.74,3.2,2
Australia,2019,25340217,21824008,3516209,3,83,12.1,6.7,1.657,3.2,1
Australia,2020,25655289,22125378,3529911,3,83,11.5,6.3,1.581,3.2,1
Australia,2021,25688079,22184739,3503340,null,83,12.1,6.7,1.7,3.2,0
Austria,2017,null,null,null,107,82,10,9.5,1.52,2.9,null
Austria,2018,8840521,5153759,3686762,107,82,9.7,9.5,1.47,2.9,0
Austria,2019,8879920,5196085,3683835,108,82,9.6,9.4,1.46,2.9,0
Austria,2020,8916864,5238479,3678385,108,81,9.4,10.3,1.44,3,0
Austria,2021,8955797,5283472,3672325,null,81,9.6,10.3,1.48,3,0
Azerbaijan,2017,null,null,null,119,72,14.6,5.8,1.75,20.4,null
Azerbaijan,2018,9939771,5534464,4405307,120,73,14,5.8,1.73,19.2,1
Azerbaijan,2019,10024283,5616706,4407577,121,73,14.1,5.6,1.81,18.2,1
Azerbaijan,2020,10093121,5692217,4400904,122,67,12.5,7.5,1.7,17.4,1
Azerbaijan,2021,10137750,5755809,4381941,null,69,11.1,7.6,1.52,16.6,0
Bahamas,2017,null,null,null,40,74,11.653,6.84,1.426,11.8,null
Bahamas,2018,401906,333682,68224,40,74,11.566,6.935,1.412,11.7,1
Bahamas,2019,404557,336316,68241,40,71,11.487,7.943,1.398,15.4,1
Bahamas,2020,406471,338367,68104,41,73,11.49,8.076,1.394,11.5,0
Bahamas,2021,407906,340051,67855,null,72,11.445,8.986,1.389,11.4,0
Bahrain,2017,null,null,null,"1,868",80,14.506,2.039,2.006,6.2,null
Bahrain,2018,1487340,1328001,159339,"1,907",80,13.818,1.992,1.93,6.1,2
Bahrain,2019,1494188,1335714,158474,"1,908",80,13.198,2,1.857,6.1,0
Bahrain,2020,1477469,1322423,155046,"1,882",79,12.621,2.239,1.832,6,-1
Bahrain,2021,1463265,1311407,151858,null,79,11.926,2.479,1.811,5.9,-1
Bangladesh,2017,null,null,null,"1,243",72,18.495,5.442,2.043,28.1,null
Bangladesh,2018,163683958,59960707,103723251,"1,257",73,18.462,5.241,2.04,26.7,1
Bangladesh,2019,165516222,61911343,103604879,"1,272",73,18.35,5.28,2.031,25.3,1
Bangladesh,2020,167420951,63916296,103504655,"1,286",72,18.053,5.816,2.003,24.1,1
Bangladesh,2021,169356251,65957486,103398765,null,72,17.821,5.68,1.981,22.9,1
Barbados,2017,null,null,null,649,77,10.952,8.85,1.615,12.5,null
Barbados,2018,279688,87114,192574,650,77,10.913,8.927,1.619,12.1,0
Barbados,2019,280180,87298,192882,652,77,10.885,8.91,1.623,11.7,0
Barbados,2020,280693,87551,193142,653,77,10.859,8.973,1.628,11.4,0
Barbados,2021,281200,87864,193336,null,78,10.832,9.007,1.633,11.1,0
Belarus,2017,null,null,null,47,74,10.8,12.6,1.541,2.7,null
Belarus,2018,9438785,7418413,2020372,47,74,9.9,12.7,1.448,2.5,0
Belarus,2019,9419758,7445754,1974004,46,74,9.3,12.8,1.382,2.4,0
Belarus,2020,9379952,7455467,1924485,46,72,9.47,16.553,1.474,2.2,0
Belarus,2021,9302585,7433696,1868889,null,72,9.283,16.544,1.483,2.1,-1
Belgium,2017,null,null,null,376,81,10.5,9.6,1.65,3.4,null
Belgium,2018,11427054,11198627,228427,377,82,10.4,9.7,1.62,3.4,0
Belgium,2019,11488980,11263911,225069,379,82,10.2,9.5,1.6,3.4,1
Belgium,2020,11538604,11316947,221657,381,81,9.9,11,1.55,3.4,0
Belgium,2021,11592952,11374657,218295,null,82,10.2,9.7,1.6,3.4,0
Belize,2017,null,null,null,16,74,21.129,4.712,2.36,11.8,null
Belize,2018,382066,174696,207370,17,74,21.015,4.74,2.345,11.2,2
Belize,2019,389095,178462,210633,17,74,18.886,4.727,2.106,10.6,2
Belize,2020,394921,181762,213159,17,73,17.881,5.244,1.999,10.1,1
Belize,2021,400031,184818,215213,null,70,17.976,6.353,2.01,9.6,1
Benin,2017,null,null,null,103,60,38.678,9.592,5.269,60.8,null
Benin,2018,11940683,5649376,6291307,106,60,38.186,9.428,5.199,59.5,3
Benin,2019,12290444,5882329,6408115,109,60,37.675,9.248,5.13,58,3
Benin,2020,12643123,6121168,6521955,112,60,37.114,9.364,5.048,56.6,3
Benin,2021,12996895,6364839,6632056,null,60,36.608,9.434,4.973,55.2,3
Bermuda,2017,null,null,null,"1,183",82,9,7.5,1.4,null,null
Bermuda,2018,63918,63918,null,"1,184",81,8.3,8.3,1.3,null,0
Bermuda,2019,63911,63911,null,"1,184",81,8.2,8.4,1.3,null,0
Bermuda,2020,63893,63893,null,"1,183",81,8.4,8.8,1.4,null,0
Bermuda,2021,63764,63764,null,null,79,7.7,11.3,1.3,null,0
Bhutan,2017,null,null,null,20,71,14.912,6.94,1.704,25.5,null
Bhutan,2018,762096,311659,450437,20,71,13.789,6.766,1.569,24.7,1
Bhutan,2019,767459,319355,448104,20,71,12.871,6.626,1.46,23.9,1
Bhutan,2020,772506,326894,445612,20,72,12.65,6.545,1.433,23.1,1
Bhutan,2021,777486,334381,443105,null,72,12.482,6.477,1.413,22.5,1
Bolivia,2017,null,null,null,11,68,22.986,7.107,2.777,23.5,null
Bolivia,2018,11606905,8058094,3548811,11,68,22.634,7.124,2.73,22.6,1
Bolivia,2019,11777315,8217386,3559929,11,68,22.323,7.127,2.688,21.7,1
Bolivia,2020,11936162,8369995,3566167,11,64,22.056,9.3,2.651,20.9,1
Bolivia,2021,12079472,8513008,3566464,null,64,21.836,9.945,2.618,20.2,1
Bosnia,2017,null,null,null,67,77,9.02,11.842,1.355,5.3,null
Bosnia,2018,3400129,1640392,1759737,66,77,9.067,12.056,1.384,5.2,-1
Bosnia,2019,3360711,1634179,1726532,66,77,8.819,12.266,1.368,5.1,-1
Bosnia,2020,3318407,1626683,1691724,65,76,8.611,14.094,1.359,5,-1
Bosnia,2021,3270943,1616664,1654279,null,75,8.42,15.712,1.35,4.8,-1
Botswana,2017,null,null,null,4,67,25.672,6.308,2.91,32.3,null
Botswana,2018,2451409,1702405,749004,4,65,25.328,6.922,2.903,30.9,2
Botswana,2019,2499702,1754091,745611,4,65,24.887,6.974,2.883,29.9,2
Botswana,2020,2546402,1804813,741589,4,66,24.195,6.95,2.836,29,2
Botswana,2021,2588423,1852275,736148,null,61,23.576,9.461,2.791,28.3,2
Brazil,2017,null,null,null,25,75,14.159,6.493,1.736,13.8,null
Brazil,2018,210166592,181939117,28227475,25,75,14.133,6.516,1.749,13.5,1
Brazil,2019,211782878,183878366,27904512,25,75,13.633,6.572,1.703,13.4,1
Brazil,2020,213196304,185636418,27559886,26,74,13.078,7.42,1.649,13.1,1
Brazil,2021,214326223,187143228,27182995,null,73,12.883,8.326,1.641,12.9,1
British Virgin Islands,2017,null,null,null,200,75,6.847,6.143,0.872,11.3,null
British Virgin Islands,2018,30335,14477,15858,202,76,7.114,5.988,0.917,10.9,1
British Virgin Islands,2019,30610,14728,15882,204,76,7.29,6.156,0.948,10.6,1
British Virgin Islands,2020,30910,14996,15914,206,76,7.448,6.38,0.976,10.3,1
British Virgin Islands,2021,31122,15225,15897,null,74,7.634,7.613,1.005,9.9,1
Brunei,2017,null,null,null,82,75,15.544,4.556,1.881,9.2,null
Brunei,2018,434274,337123,97151,82,75,15.05,4.7,1.848,9.4,1
Brunei,2019,438048,341423,96625,83,75,14.585,4.834,1.819,9.5,1
Brunei,2020,441725,345650,96075,84,75,14.165,4.975,1.796,9.6,1
Brunei,2021,445373,349858,95515,null,75,13.8,5.211,1.778,9.6,1
Bulgaria,2017,null,null,null,65,75,9,15.5,1.56,6.1,null
Bulgaria,2018,7025037,5269340,1755697,65,75,8.9,15.4,1.56,5.8,-1
Bulgaria,2019,6975761,5256027,1719734,64,75,8.8,15.5,1.58,5.6,-1
Bulgaria,2020,6934015,5248079,1685936,64,74,8.5,18,1.56,5.4,-1
Bulgaria,2021,6877743,5228804,1648939,null,72,8.5,21.7,1.58,5.3,-1
Burkina Faso,2017,null,null,null,72,60,37.898,9.113,5.162,56.9,null
Burkina Faso,2018,20392723,5986896,14405827,75,60,37.294,8.809,5.069,55.6,3
Burkina Faso,2019,20951639,6281301,14670338,77,60,36.689,8.75,4.971,54.2,3
Burkina Faso,2020,21522626,6587430,14935196,79,60,36.085,8.813,4.869,53,3
Burkina Faso,2021,22100683,6904253,15196430,null,59,35.541,8.958,4.772,51.8,3
Burundi,2017,null,null,null,434,62,38.124,7.772,5.481,42.9,null
Burundi,2018,11493472,1497829,9995643,448,62,37.011,7.648,5.38,41.3,3
Burundi,2019,11874838,1587191,10287647,462,62,36.323,7.352,5.271,40,3
Burundi,2020,12220227,1675149,10545078,476,62,35.603,7.562,5.177,38.8,3
Burundi,2021,12551213,1764450,10786763,null,62,34.842,7.474,5.078,37.6,3
Cabo Verde,2017,null,null,null,140,77,19.006,4.868,2.091,14.6,null
Cabo Verde,2018,571202,375462,195740,142,76,17.821,5.275,1.964,13.7,1
Cabo Verde,2019,577030,381965,195065,143,76,17.463,5.162,1.932,12.9,1
Cabo Verde,2020,582640,388341,194299,145,75,17.158,5.692,1.908,12.2,1
Cabo Verde,2021,587925,394509,193416,null,74,16.951,6.028,1.896,11.7,1
Cambodia,2017,null,null,null,90,71,21.348,5.775,2.473,24.9,null
Cambodia,2018,16025238,3747983,12277255,91,71,20.805,5.874,2.435,23.9,1
Cambodia,2019,16207746,3858254,12349492,92,71,20.28,5.947,2.402,23,1
Cambodia,2020,16396860,3973287,12423573,93,70,19.849,6.228,2.381,22.1,1
Cambodia,2021,16589023,4092180,12496843,null,70,19.334,6.838,2.344,21.3,1
Cameroon,2017,null,null,null,52,61,37.403,8.594,4.774,53.2,null
Cameroon,2018,25076747,14136765,10939982,53,61,36.716,8.379,4.694,51.5,3
Cameroon,2019,25782341,14687684,11094657,55,62,36.147,8.16,4.623,50.1,3
Cameroon,2020,26491087,15248270,11242817,56,61,35.507,8.419,4.543,48.5,3
Cameroon,2021,27198628,15815458,11383170,null,60,34.938,8.582,4.463,47,3
Canada,2017,null,null,null,4,82,10.3,7.5,1.55,4.6,null
Canada,2018,37065084,30175056,6890028,4,82,10.1,7.7,1.51,4.6,1
Canada,2019,37601230,30638234,6962996,4,82,9.9,7.6,1.47,4.5,1
Canada,2020,38007166,30999405,7007761,4,82,9.5,8.1,1.41,4.5,1
Canada,2021,38226498,31213082,7013416,null,83,9.6,7.8,1.43,4.4,1
Cayman Islands,2018,64884,64884,null,270,null,9.9,3.3,null,null,2
Cayman Islands,2019,66134,66134,null,276,null,9.8,3.9,null,null,2
Cayman Islands,2020,67311,67311,null,280,null,12.6,3.3,null,null,2
Cayman Islands,2021,68136,68136,null,null,null,12.4,4,null,null,1
Central African Republic,2017,null,null,null,8,54,41.602,11.544,6.048,81.7,null
Central African Republic,2018,5094780,2107405,2987375,8,54,41.831,11.23,6.037,80.3,2
Central African Republic,2019,5209324,2175935,3033389,8,55,41.92,10.873,6.008,78.6,2
Central African Republic,2020,5343020,2254648,3088372,9,55,42.175,11.041,5.985,77.2,3
Central African Republic,2021,5457154,2327367,3129787,null,54,42.68,11.393,5.978,75.4,2
Chad,2017,null,null,null,12,52,44.811,13.043,6.537,72.7,null
Chad,2018,15604210,3598175,12006035,12,53,44.37,12.671,6.464,71,3
Chad,2019,16126866,3754173,12372693,13,53,44.229,12.369,6.412,69.3,3
Chad,2020,16644701,3914834,12729867,13,53,43.849,12.486,6.346,67.6,3
Chad,2021,17179740,4085514,13094226,null,53,43.357,12.504,6.255,66,3
Channel Islands,2018,167259,51706,115553,null,81,9.662,8.717,1.435,null,1
Channel Islands,2019,169410,52400,117010,null,81,9.834,8.547,1.441,null,1
Channel Islands,2020,171113,52982,118131,null,81,10.011,8.474,1.447,null,1
Channel Islands,2021,172683,53552,119131,null,81,10.117,8.449,1.457,null,1
Chile,2017,null,null,null,25,80,12.13,6.139,1.598,6.5,null
Chile,2018,18701450,16375738,2325712,25,80,11.94,6.327,1.564,6.3,2
Chile,2019,19039485,16686776,2352709,26,80,11.855,6.346,1.545,6.1,2
Chile,2020,19300315,16931587,2368728,26,79,11.834,7.221,1.537,5.9,1
Chile,2021,19493184,17118329,2374855,null,79,11.788,7.426,1.537,5.6,1
China,2017,null,null,null,148,77,12.64,7.06,1.813,7,null
China,2018,1402760000,829760595,572999405,149,78,10.86,7.08,1.554,6.4,0
China,2019,1407745000,848982855,558762145,149,78,10.41,7.09,1.496,5.9,0
China,2020,1411100000,866810508,544289492,150,78,8.52,7.07,1.281,5.5,0
China,2021,1412360000,882894483,529465517,null,78,7.52,7.18,1.164,5.1,0
Colombia,2017,null,null,null,44,77,15.081,5.249,1.818,12.6,null
Colombia,2018,49276961,39804944,9472017,44,77,14.841,5.311,1.787,12.2,2
Colombia,2019,50187406,40703994,9483412,45,77,14.682,5.411,1.765,11.8,2
Colombia,2020,50930662,41470292,9460370,46,75,14.435,6.606,1.737,11.4,1
Colombia,2021,51516562,42109638,9406924,null,73,14.204,7.735,1.717,11.1,1
Comoros,2017,null,null,null,409,64,31.33,8.326,4.278,44.3,null
Comoros,2018,776313,224859,551454,417,64,30.859,8.235,4.196,42.9,2
Comoros,2019,790986,230683,560303,425,64,30.4,8.203,4.125,41.6,2
Comoros,2020,806166,236852,569314,433,64,29.896,8.274,4.052,40.4,2
Comoros,2021,821625,243308,578317,null,63,29.398,8.718,3.978,39.3,2
Costa Rica,2017,null,null,null,98,79,13.926,5.18,1.74,7.5,null
Costa Rica,2018,5040734,3999318,1041416,99,79,13.562,5.276,1.709,7.4,1
Costa Rica,2019,5084532,4071490,1013042,100,79,12.847,5.468,1.632,7.2,1
Costa Rica,2020,5123105,4137983,985122,100,79,12.152,5.627,1.555,6.7,1
Costa Rica,2021,5153957,4196609,957348,null,77,11.873,7.192,1.533,6.2,1
Croatia,2017,null,null,null,74,78,8.9,13,1.42,4.1,null
Croatia,2018,4087843,2327904,1759939,73,78,9,12.9,1.47,4,-1
Croatia,2019,4065253,2327032,1738221,73,78,8.9,12.7,1.47,4,-1
Croatia,2020,4047680,2329561,1718119,72,78,8.9,14.1,1.48,4,0
Croatia,2021,3879000,2245088,1633912,null,76,9.4,16.2,1.62,3.9,-4
Cuba,2017,null,null,null,109,78,10.182,9.622,1.593,4.3,null
Cuba,2018,11328244,8726939,2601305,109,77,10.348,9.815,1.631,4.2,0
Cuba,2019,11316697,8726192,2590505,109,78,9.752,9.861,1.551,4.2,0
Cuba,2020,11300698,8723461,2577237,109,78,9.344,10.23,1.5,4.1,0
Cuba,2021,11256372,8700275,2556097,null,74,8.922,14.652,1.442,4,0
Curacao,2017,null,null,null,361,78,9.7,8.9,1.5,null,null
Curacao,2018,159336,142040,17296,359,0,10.5,8.8,1.7,null,-1
Curacao,2019,157441,140277,17164,355,0,10.1,8.8,1.6,null,-1
Curacao,2020,154947,137999,16948,349,0,8.7,9.3,1.4,null,-2
Curacao,2021,152369,135666,16703,null,0,8.6,11.1,1.384,null,-2
Cyprus,2017,null,null,null,131,81,10.994,6.453,1.322,2.3,null
Cyprus,2018,1218831,814301,404530,132,81,10.843,6.612,1.32,2.3,1
Cyprus,2019,1228836,820924,407912,133,81,10.794,6.769,1.332,2.3,1
Cyprus,2020,1237537,826935,410602,134,81,10.583,6.93,1.328,2.3,1
Cyprus,2021,1244188,831814,412374,null,81,10.313,7.257,1.321,2.3,1
Czech Republic,2017,null,null,null,137,79,10.8,10.5,1.69,2.6,null
Czech Republic,2018,10629928,7844036,2785892,138,79,10.7,10.6,1.71,2.5,0
Czech Republic,2019,10671870,7888753,2783117,138,79,10.5,10.5,1.71,2.4,0
Czech Republic,2020,10697858,7922941,2774917,139,78,10.3,12.1,1.71,2.3,0
Czech Republic,2021,10505772,7796754,2709018,null,77,10.6,13.3,1.83,2.2,-2
Democratic Republic Of Congo,2017,null,null,null,37,59,43.251,9.865,6.349,69.5,null
Democratic Republic Of Congo,2018,87087355,38719038,48368317,38,60,42.989,9.573,6.302,67.6,3
Democratic Republic Of Congo,2019,89906890,40499458,49407432,40,60,42.656,9.38,6.253,65.9,3
Democratic Republic Of Congo,2020,92853164,42376327,50476837,41,60,42.311,9.537,6.206,64.1,3
Democratic Republic Of Congo,2021,95894118,44336645,51557473,null,59,42.049,9.7,6.156,62.4,3
Denmark,2017,null,null,null,144,81,10.6,9.2,1.75,3.4,null
Denmark,2018,5793636,5091100,702536,145,81,10.6,9.5,1.73,3.3,0
Denmark,2019,5814422,5116342,698080,145,81,10.5,9.3,1.7,3.3,0
Denmark,2020,5831404,5138400,693004,146,82,10.4,9.4,1.68,3.2,0
Denmark,2021,5856733,5167981,688752,null,81,10.8,9.8,1.72,3.1,0
Djibouti,2017,null,null,null,45,63,23.276,8.37,2.972,51.7,null
Djibouti,2018,1057198,822257,234941,46,63,22.982,8.347,2.929,50.3,2
Djibouti,2019,1073994,836802,237192,46,63,22.748,8.421,2.891,48.7,2
Djibouti,2020,1090156,850998,239158,47,63,22.477,8.821,2.848,47.2,1
Djibouti,2021,1105557,864734,240823,null,62,22.205,9.147,2.804,45.9,1
Dominica,2017,null,null,null,94,68,13.13,11.455,1.629,29.8,null
Dominica,2018,70823,49918,20905,94,74,13.191,8.417,1.617,30.7,1
Dominica,2019,71428,50561,20867,95,74,13.272,8.369,1.611,31.3,1
Dominica,2020,71995,51181,20814,96,74,13.301,8.177,1.597,31.7,1
Dominica,2021,72412,51699,20713,null,73,13.326,8.986,1.595,32,1
Dominican Republic,2017,null,null,null,220,73,19.993,6.032,2.39,28.8,null
Dominican Republic,2018,10765531,8728047,2037484,223,73,19.762,6.06,2.381,28.6,1
Dominican Republic,2019,10881882,8904426,1977456,225,74,19.291,6.006,2.344,28.3,1
Dominican Republic,2020,10999664,9079123,1920541,228,73,18.78,6.46,2.303,27.8,1
Dominican Republic,2021,11117873,9251516,1866357,null,73,18.432,6.678,2.273,27.3,1
Ecuador,2017,null,null,null,67,77,17.996,4.872,2.174,12.4,null
Ecuador,2018,17015672,10859572,6156100,69,77,17.658,4.911,2.133,12,2
Ecuador,2019,17343740,11097565,6246175,70,77,17.338,4.913,2.088,11.5,2
Ecuador,2020,17588595,11285898,6302697,71,72,17.037,7.534,2.051,11.1,1
Ecuador,2021,17797737,11454802,6342935,null,74,16.817,6.719,2.026,10.7,1
Egypt,2017,null,null,null,102,71,25.231,5.482,3.151,18.6,null
Egypt,2018,103740765,44301456,59439309,104,71,24.562,5.511,3.098,17.9,2
Egypt,2019,105618671,45130858,60487813,106,71,23.568,5.581,3.001,17.3,2
Egypt,2020,107465134,45976808,61488326,108,71,23.051,5.851,2.96,16.8,2
Egypt,2021,109262178,46831955,62430223,null,70,22.558,6.327,2.917,16.2,2
El Salvador,2017,null,null,null,302,72,16.974,6.857,1.896,12.3,null
El Salvador,2018,6276342,4520410,1755932,303,73,16.536,6.938,1.849,11.9,0
El Salvador,2019,6280217,4568607,1711610,303,73,16.416,7.451,1.838,11.5,0
El Salvador,2020,6292731,4621633,1671098,304,71,16.188,8.442,1.819,11.1,0
El Salvador,2021,6314167,4679934,1634233,null,71,16.025,8.661,1.803,10.7,0
Equatorial Guinea,2017,null,null,null,52,61,33.507,9.096,4.599,64.1,null
Equatorial Guinea,2018,1502091,1083654,418437,54,61,32.667,8.85,4.513,62.2,3
Equatorial Guinea,2019,1553031,1127920,425111,55,62,31.874,8.582,4.429,60.4,3
Equatorial Guinea,2020,1596049,1166712,429337,57,61,31.174,9.026,4.346,58.8,3
Equatorial Guinea,2021,1634466,1202330,432136,null,61,30.498,9.042,4.266,57.2,2
Eritrea,2017,null,null,null,28,67,29.421,6.504,4.112,32.2,null
Eritrea,2018,3445374,1380906,2064468,28,67,29.105,6.353,4.056,31.4,1
Eritrea,2019,3498818,1424439,2074379,29,67,28.941,6.309,3.997,30.5,2
Eritrea,2020,3555868,1470245,2085623,29,67,28.706,6.424,3.933,29.7,2
Eritrea,2021,3620312,1519988,2100324,null,67,28.624,6.729,3.867,28.9,2
Estonia,2017,null,null,null,31,78,10.5,11.8,1.59,2.1,null
Estonia,2018,1321977,910578,411399,31,78,10.9,11.9,1.67,1.9,0
Estonia,2019,1326898,916236,410662,31,79,10.6,11.6,1.66,1.8,0
Estonia,2020,1329522,920415,409107,31,79,9.9,11.9,1.58,1.7,0
Estonia,2021,1330932,923866,407066,null,77,10,14,1.61,1.6,0
Eswatini,2017,null,null,null,67,58,26.408,9.936,3.015,49,null
Eswatini,2018,1160428,276170,884258,67,59,25.718,9.324,2.962,45.4,1
Eswatini,2019,1169613,280485,889128,68,61,25.118,8.923,2.921,43.9,1
Eswatini,2020,1180655,285376,895279,69,60,24.615,9.603,2.89,44.2,1
Eswatini,2021,1192271,290545,901726,null,57,24.134,11.356,2.839,41.5,1
Ethiopia,2017,null,null,null,96,65,33.059,6.767,4.39,39.6,null
Ethiopia,2018,111129438,23073805,88055633,98,65,32.996,6.569,4.343,38,3
Ethiopia,2019,114120594,24222096,89898498,101,66,33.123,6.439,4.323,36.6,3
Ethiopia,2020,117190911,25424568,91766343,104,65,32.78,6.616,4.243,35.4,3
Ethiopia,2021,120283026,26671558,93611468,null,65,32.383,6.776,4.159,34.3,3
Faroe Islands,2017,null,null,null,36,82,13.1,8.9,2.479,null,null
Faroe Islands,2018,50955,21434,29521,37,83,13.4,7.7,2.501,null,1
Faroe Islands,2019,51681,21822,29859,37,83,13.2,8,2.408,null,1
Faroe Islands,2020,52415,22223,30192,38,83,12.9,7,2.323,null,1
Faroe Islands,2021,52889,22522,30367,null,83,12.8,8.1,2.293,null,1
Fiji,2017,null,null,null,50,68,20.55,7.703,2.557,21.6,null
Fiji,2018,918996,516917,402079,50,68,20.187,7.832,2.53,22.1,0
Fiji,2019,918465,521229,397236,50,68,19.962,7.941,2.519,22.6,0
Fiji,2020,920422,526914,393508,50,68,19.628,8.078,2.495,23.1,0
Fiji,2021,924610,533870,390740,null,67,19.345,8.859,2.475,23.3,0
Finland,2017,null,null,null,18,82,9.1,9.8,1.49,1.9,null
Finland,2018,5515525,4709266,806259,18,82,8.6,9.9,1.41,1.9,0
Finland,2019,5521606,4717991,803615,18,82,8.3,9.8,1.35,1.9,0
Finland,2020,5529543,4728699,800844,18,82,8.4,10,1.37,1.8,0
Finland,2021,5541017,4742889,798128,null,82,9,10.4,1.46,1.8,0
France,2017,null,null,null,122,83,11.5,9.1,1.89,3.3,null
France,2018,67158348,54024861,13133487,123,83,11.3,9.1,1.87,3.4,0
France,2019,67388001,54388182,12999819,123,83,11.2,9.1,1.86,3.4,0
France,2020,67571107,54715704,12855403,123,82,10.9,9.9,1.83,3.4,0
France,2021,67749632,55041156,12708476,null,82,10.9,9.7,1.83,3.4,0
French Polynesia,2017,null,null,null,85,83,14.015,3.219,1.804,null,null
French Polynesia,2018,297606,184022,113584,86,83,13.777,3.31,1.789,null,1
French Polynesia,2019,299717,185516,114201,86,83,13.088,3.391,1.712,null,1
French Polynesia,2020,301920,187115,114805,87,82,12.924,3.859,1.705,null,1
French Polynesia,2021,304032,188701,115331,null,79,12.759,5.376,1.699,null,1
Gabon,2017,null,null,null,8,66,29.713,7.054,3.752,33.2,null
Gabon,2018,2192012,1959001,233011,9,66,29.004,6.986,3.679,32.2,2
Gabon,2019,2242785,2012698,230087,9,67,28.354,6.856,3.615,31.2,2
Gabon,2020,2292573,2065425,227148,9,67,27.695,6.909,3.548,29.8,2
Gabon,2021,2341179,2116964,224215,null,66,27.142,7.258,3.491,29.4,2
Gambia,2017,null,null,null,235,63,35.743,7.396,5.091,37.7,null
Gambia,2018,2444916,1498000,946916,242,63,34.924,7.323,4.972,36.7,3
Gambia,2019,2508883,1553776,955107,248,64,34.281,6.999,4.869,35.8,3
Gambia,2020,2573995,1610858,963137,254,63,33.719,7.373,4.777,34.9,3
Gambia,2021,2639916,1669008,970908,null,62,33.257,7.543,4.684,34,3
Georgia,2017,null,null,null,65,74,14.856,12.603,2.144,8.9,null
Georgia,2018,3726549,2184950,1541599,65,73,14.395,12.963,2.114,8.8,0
Georgia,2019,3720161,2196346,1523815,65,73,13.451,12.88,2.011,8.6,0
Georgia,2020,3722716,2213266,1509450,65,73,12.966,13.976,1.971,8.5,0
Georgia,2021,3708610,2220419,1488191,null,72,13.412,15.166,2.081,8.4,0
Germany,2017,null,null,null,237,81,9.5,11.3,1.57,3.3,null
Germany,2018,82905782,64096118,18809664,237,81,9.5,11.5,1.57,3.2,0
Germany,2019,83092962,64294010,18798952,238,81,9.4,11.3,1.54,3.2,0
Germany,2020,83160871,64410589,18750282,238,81,9.3,11.9,1.53,3.1,0
Germany,2021,83196078,64513567,18682511,null,81,9.6,12.3,1.58,3,0
Ghana,2017,null,null,null,133,64,28.978,7.39,3.713,36.7,null
Ghana,2018,30870641,17306081,13564560,136,64,29.025,7.373,3.731,35.6,2
Ghana,2019,31522290,17875345,13646945,139,65,28.572,7.143,3.683,34.5,2
Ghana,2020,32180401,18455138,13725263,141,64,28.038,7.448,3.623,33.5,2
Ghana,2021,32833031,19038233,13794798,null,64,27.548,7.627,3.563,32.6,2
Gibraltar,2017,null,null,null,"3,260",82,11.482,8.182,1.895,null,null
Gibraltar,2018,32648,32648,null,"3,265",82,11.242,8.191,1.879,null,0
Gibraltar,2019,32685,32685,null,"3,269",82,11.015,8.283,1.863,null,0
Gibraltar,2020,32709,32709,null,"3,271",82,10.844,8.685,1.855,null,0
Gibraltar,2021,32669,32669,null,null,79,10.714,11.546,1.848,null,0
Greece,2017,null,null,null,83,81,8.2,11.6,1.35,3.8,null
Greece,2018,10732882,8485202,2247680,83,82,8.1,11.2,1.35,3.7,0
Greece,2019,10721582,8511650,2209932,83,82,7.8,11.7,1.34,3.5,0
Greece,2020,10698599,8528388,2170211,83,81,7.9,12.2,1.39,3.4,0
Greece,2021,10641221,8517020,2124201,null,80,8,13.5,1.39,3.3,-1
Greenland,2017,null,null,null,0,72,15.2,8.9,2.09,null,null
Greenland,2018,56023,48637,7386,0,72,14.6,8.7,2,null,0
Greenland,2019,56225,48945,7280,0,72,15.1,9.8,2.08,null,0
Greenland,2020,56367,49198,7169,0,72,14.8,9.2,2.019,null,0
Greenland,2021,56653,49575,7078,null,71,13.4,9.4,1.8,null,1
Grenada,2017,null,null,null,356,75,17.191,7.9,2.083,14.5,null
Grenada,2018,121838,44193,77645,358,75,16.92,7.956,2.063,14.6,1
Grenada,2019,122724,44667,78057,361,75,16.617,8.008,2.042,14.6,1
Grenada,2020,123663,45183,78480,364,75,16.288,8.061,2.023,14.6,1
Grenada,2021,124610,45724,78886,null,75,15.961,8.151,2.004,14.4,1
Guam,2017,null,null,null,312,77,17.997,6.127,2.805,null,null
Guam,2018,168678,159873,8805,312,77,17.02,6.21,2.671,null,0
Guam,2019,168624,159955,8669,312,78,16.624,6.304,2.623,null,0
Guam,2020,169231,160665,8566,313,77,16.363,7.178,2.593,null,0
Guam,2021,170534,162033,8501,null,77,16.376,7.337,2.569,null,1
Guatemala,2017,null,null,null,150,73,24.791,5.015,2.857,22.2,null
Guatemala,2018,16346950,8345772,8001178,153,73,23.929,4.995,2.743,21.5,2
Guatemala,2019,16604026,8540945,8063081,155,73,22.858,4.892,2.61,20.8,2
Guatemala,2020,16858333,8738685,8119648,157,72,21.816,5.337,2.484,20.2,2
Guatemala,2021,17109746,8938987,8170759,null,69,21.12,6.504,2.395,19.6,1
Guinea,2017,null,null,null,50,59,36.625,10.121,4.789,69.2,null
Guinea,2018,12554864,4537328,8017536,51,59,35.931,9.94,4.669,68,3
Guinea,2019,12877539,4700302,8177237,52,60,35.436,9.712,4.576,66.8,3
Guinea,2020,13205153,4869400,8335753,54,59,34.944,9.847,4.489,65.4,3
Guinea,2021,13531906,5042529,8489377,null,59,34.425,9.99,4.399,63.8,2
Guinea-Bissau,2017,null,null,null,67,60,33.285,8.642,4.358,56.3,null
Guinea-Bissau,2018,1924955,834660,1090295,68,61,32.657,8.401,4.263,54.6,2
Guinea-Bissau,2019,1970457,862607,1107850,70,61,32.093,8.206,4.172,52.9,2
Guinea-Bissau,2020,2015828,890915,1124913,72,60,31.605,8.574,4.094,51.5,2
Guinea-Bissau,2021,2060721,919432,1141289,null,60,31.087,8.716,4.005,50,2
Guyana,2017,null,null,null,4,69,20.958,7.472,2.485,26,null
Guyana,2018,785514,208994,576520,4,69,20.77,7.499,2.462,25.3,3
Guyana,2019,798753,213179,585574,4,69,20.828,7.444,2.44,24.6,2
Guyana,2020,797202,213539,583663,4,68,20.473,8.026,2.418,23.9,0
Guyana,2021,804567,216404,588163,null,66,20.298,9.987,2.397,23.2,1
Haiti,2017,null,null,null,394,64,24.98,8.014,3.016,50.5,null
Haiti,2018,11012421,6087446,4924975,400,64,24.579,7.998,2.959,49.2,1
Haiti,2019,11160438,6271273,4889165,405,64,24.304,7.953,2.919,48,1
Haiti,2020,11306801,6454827,4851974,410,64,23.936,8.176,2.869,46.7,1
Haiti,2021,11447569,6635469,4812100,null,63,23.498,8.676,2.814,45.4,1
Honduras,2017,null,null,null,86,73,22.16,4.221,2.496,16.3,null
Honduras,2018,9792850,5591326,4201524,88,73,21.895,4.257,2.46,15.8,2
Honduras,2019,9958829,5749232,4209597,89,73,21.628,4.315,2.427,15.2,2
Honduras,2020,10121763,5906960,4214803,90,71,21.353,4.945,2.394,14.7,2
Honduras,2021,10278345,6062373,4215972,null,70,21.071,5.608,2.363,14.2,2
Hong Kong,2017,null,null,null,"7,041",85,7.6,6.3,1.128,null,null
Hong Kong,2018,7452600,7452600,null,"7,098",85,7.2,6.4,1.08,null,1
Hong Kong,2019,7507900,7507900,null,"7,150",85,7,6.5,1.064,null,1
Hong Kong,2020,7481000,7481000,null,"7,125",85,5.8,6.8,0.883,null,0
Hong Kong,2021,7413100,7413100,null,null,85,5,6.9,0.772,null,-1
Hungary,2017,null,null,null,107,76,9.7,13.5,1.54,3.7,null
Hungary,2018,9775564,6974963,2800601,107,76,9.6,13.4,1.55,3.5,0
Hungary,2019,9771141,7000436,2770705,107,76,9.5,13.3,1.55,3.4,0
Hungary,2020,9750149,7014452,2735697,107,76,9.6,14.5,1.59,3.4,0
Hungary,2021,9709891,7014911,2694980,null,74,9.7,16.1,1.59,3.3,0
Iceland,2017,null,null,null,3,83,11.9,6.5,1.71,2.1,null
Iceland,2018,352721,330898,21823,3,83,12,6.4,1.71,2.1,3
Iceland,2019,360563,338406,22157,4,83,12.3,6.3,1.74,2.1,2
Iceland,2020,366463,344101,22362,4,83,12.3,6.3,1.72,2.1,2
Iceland,2021,372520,349960,22560,null,83,13.1,6.3,1.82,2.1,2
India,2017,null,null,null,455,70,17.911,6.593,2.2,31.5,null
India,2018,1369003306,465871825,903131481,460,71,17.651,6.644,2.177,29.8,1
India,2019,1383112050,476786386,906325664,465,71,17.049,6.71,2.109,28.3,1
India,2020,1396387127,487702168,908684959,470,70,16.572,7.35,2.051,26.8,1
India,2021,1407563842,498179071,909384771,null,67,16.419,9.448,2.031,25.5,1
Indonesia,2017,null,null,null,141,70,17.519,7.579,2.262,21.6,null
Indonesia,2018,267066843,147754731,119312112,142,70,17.179,7.496,2.234,20.8,1
Indonesia,2019,269582878,150925974,118656904,144,71,16.91,7.539,2.215,20.1,1
Indonesia,2020,271857970,153983073,117874897,145,69,16.649,8.964,2.194,19.5,1
Indonesia,2021,273753191,156833203,116919988,null,68,16.425,10.065,2.175,18.9,1
Iran,2017,null,null,null,52,76,18.608,4.692,2.074,12.4,null
Iran,2018,85617562,64125842,21491720,53,76,17.231,4.715,1.968,12,1
Iran,2019,86564202,65261618,21302584,53,76,15.118,4.872,1.77,11.6,1
Iran,2020,87290193,66230561,21059632,54,75,14.231,5.567,1.708,11.2,1
Iran,2021,87923432,67125144,20798288,null,74,13.699,6.437,1.692,10.9,1
Iraq,2017,null,null,null,91,70,28.923,4.637,3.73,23.4,null
Iraq,2018,40590700,28605484,11985216,93,72,28.429,4.282,3.659,22.7,2
Iraq,2019,41563520,29376265,12187255,96,72,28.078,4.301,3.604,22.1,2
Iraq,2020,42556984,30169923,12387061,98,69,27.732,5.239,3.551,21.4,2
Iraq,2021,43533592,30960655,12572937,null,70,27.367,4.753,3.496,20.7,2
Ireland,2017,null,null,null,70,82,12.9,6.3,1.77,3,null
Ireland,2018,4867316,3074684,1792632,71,82,12.5,6.4,1.75,2.9,1
Ireland,2019,4934340,3128618,1805722,72,83,12,6.3,1.71,2.9,1
Ireland,2020,4985382,3173345,1812037,72,83,11.2,6.5,1.63,2.8,1
Ireland,2021,5033165,3216796,1816369,null,82,11.6,6.6,1.72,2.7,1
Isle Of Man,2017,null,null,null,147,80,9.25,10.023,1.677,null,null
Isle Of Man,2018,83775,44056,39719,147,81,8.94,10.054,1.621,null,0
Isle Of Man,2019,83933,44262,39671,147,81,8.888,10.09,1.614,null,0
Isle Of Man,2020,84046,44459,39587,147,81,8.605,10.414,1.569,null,0
Isle Of Man,2021,84263,44723,39540,null,81,8.529,10.604,1.564,null,0
Israel,2017,null,null,null,403,83,21.1,5.2,3.11,3,null
Israel,2018,8882800,8209306,673494,410,83,20.8,5,3.09,2.9,2
Israel,2019,9054000,8375041,678959,418,83,20.1,5.1,3.01,2.8,2
Israel,2020,9215100,8531985,683115,426,83,19.2,5.3,2.9,2.8,2
Israel,2021,9364700,8678642,686058,null,83,19.7,5.4,3,2.7,2
Italy,2017,null,null,null,205,83,7.6,10.7,1.32,2.8,null
Italy,2018,60421760,42559879,17861881,204,83,7.3,10.5,1.29,2.7,0
Italy,2019,59729081,42249963,17479118,202,83,7,10.6,1.27,2.6,-1
Italy,2020,59438851,42224765,17214086,201,82,6.8,12.5,1.24,2.4,0
Italy,2021,59109668,42172384,16937284,null,83,6.8,12,1.25,2.2,-1
Jamaica,2017,null,null,null,259,72,12.748,7.145,1.44,12.2,null
Jamaica,2018,2811835,1565461,1246374,260,72,12.22,7.318,1.388,11.8,0
Jamaica,2019,2813773,1575291,1238482,260,72,11.994,7.477,1.37,11.4,0
Jamaica,2020,2820436,1588216,1232220,260,72,11.813,7.583,1.358,11,0
Jamaica,2021,2827695,1601946,1225749,null,71,11.712,8.797,1.352,10.7,0
Japan,2017,null,null,null,348,84,7.6,10.8,1.43,1.9,null
Japan,2018,126811000,116179166,10631834,348,84,7.4,11,1.42,1.9,0
Japan,2019,126633000,116119928,10513072,347,84,7,11.2,1.36,1.8,0
Japan,2020,126261000,115884871,10376129,346,85,6.8,11.1,1.33,1.8,0
Japan,2021,125681593,115459909,10221684,null,84,6.6,11.7,1.3,1.7,0
Jordan,2017,null,null,null,115,76,23.377,3.155,3.027,14.2,null
Jordan,2018,10459865,9516281,943584,118,76,22.999,3.15,2.973,13.8,2
Jordan,2019,10698683,9757520,941163,120,76,22.6,3.148,2.918,13.4,2
Jordan,2020,10928721,9990818,937903,123,75,22.265,3.475,2.873,12.9,2
Jordan,2021,11148278,10214721,933557,null,74,21.95,3.868,2.83,12.6,2
Kazakhstan,2017,null,null,null,7,73,21.64,7.15,2.75,9.4,null
Kazakhstan,2018,18276452,10495801,7780651,7,73,21.77,7.14,2.84,9.1,1
Kazakhstan,2019,18513673,10652767,7860906,7,73,21.73,7.19,2.9,9.1,1
Kazakhstan,2020,18755666,10816580,7939086,7,71,22.76,8.6,3.13,9.1,1
Kazakhstan,2021,19000988,10986561,8014427,null,70,23.5,9.61,3.32,9.1,1
Kenya,2017,null,null,null,86,62,29.755,7.294,3.643,31.6,null
Kenya,2018,49953304,13502378,36450926,88,63,29.18,7.305,3.58,30.6,2
Kenya,2019,50951450,14015215,36936235,90,63,28.46,7.29,3.469,29.7,2
Kenya,2020,51985780,14553419,37432361,91,63,27.998,7.456,3.397,29,2
Kenya,2021,53005614,15102890,37902724,null,61,27.685,8.056,3.335,28,2
Kiribati,2017,null,null,null,149,67,28.616,6.426,3.431,42.6,null
Kiribati,2018,122261,66091,56170,151,67,28.46,6.345,3.41,41.5,2
Kiribati,2019,124241,68128,56113,153,67,28.064,6.252,3.368,40.4,2
Kiribati,2020,126463,70306,56157,156,67,27.645,6.242,3.333,39.4,2
Kiribati,2021,128874,72601,56273,null,67,27.207,6.236,3.304,38.3,2
Kosovo,2017,null,null,null,null,79,12.615,5.262,1.649,11.5,null
Kosovo,2018,1797085,null,null,null,79,12.094,5.505,1.605,10.8,0
Kosovo,2019,1788878,null,null,null,79,11.443,5.56,1.546,10.1,0
Kosovo,2020,1790133,null,null,null,77,11.181,7.505,1.529,9.6,0
Kosovo,2021,1786038,null,null,null,77,11.143,7.22,1.522,9.1,0
Kuwait,2017,null,null,null,231,80,14.386,1.914,2.161,7.6,null
Kuwait,2018,4317185,4317185,null,242,80,13.443,2.052,2.165,7.6,5
Kuwait,2019,4441100,4441100,null,249,80,12.437,2.194,2.159,7.6,3
Kuwait,2020,4360444,4360444,null,245,77,11.797,3.254,2.14,7.5,-2
Kuwait,2021,4250114,4250114,null,null,79,10.41,2.906,2.11,7.5,-3
Kyrgyz Republic,2017,null,null,null,32,71,24.8,5.4,3,17.8,null
Kyrgyz Republic,2018,6322800,2298401,4024399,33,71,27.1,5.2,3.3,17,2
Kyrgyz Republic,2019,6456200,2362388,4093812,34,72,26.9,5.2,3.3,16.3,2
Kyrgyz Republic,2020,6579900,2425088,4154812,34,72,24,6.1,3,15.9,2
Kyrgyz Republic,2021,6691800,2485736,4206064,null,72,22.4,5.8,2.89,15.6,2
Lao PDR,2017,null,null,null,30,67,23.715,6.91,2.671,39.1,null
Lao PDR,2018,7105006,2487036,4617970,31,68,23.238,6.755,2.619,37.7,2
Lao PDR,2019,7212053,2570736,4641317,31,68,22.786,6.505,2.571,36.6,1
Lao PDR,2020,7319399,2656210,4663189,32,68,22.449,6.366,2.541,35.4,1
Lao PDR,2021,7425057,2742742,4682315,null,68,21.973,6.613,2.496,34.2,1
Latvia,2017,null,null,null,31,75,10.7,14.8,1.69,3.8,null
Latvia,2018,1927174,1313215,613959,31,75,10,15,1.6,3.6,-1
Latvia,2019,1913822,1305648,608174,31,75,9.8,14.5,1.61,3.4,-1
Latvia,2020,1900449,1298292,602157,31,75,9.2,15.2,1.55,3.3,-1
Latvia,2021,1884490,1289387,595103,null,73,9.2,18.4,1.57,3.2,-1
Lebanon,2017,null,null,null,597,80,16.904,4.495,2.173,7.7,null
Lebanon,2018,5950839,5272027,678812,582,80,16.311,4.704,2.148,7.6,-3
Lebanon,2019,5781907,5131905,650002,565,79,15.822,5.178,2.13,7.4,-3
Lebanon,2020,5662923,5035754,627169,554,78,15.332,6.253,2.103,7.2,-2
Lebanon,2021,5592631,4982643,609988,null,75,14.948,8.271,2.091,7.1,-1
Lesotho,2017,null,null,null,71,53,27.723,13.651,3.187,62,null
Lesotho,2018,2198017,618808,1579209,72,54,27.262,13.259,3.139,60.8,1
Lesotho,2019,2225702,636217,1589485,73,54,26.839,13.014,3.094,60,1
Lesotho,2020,2254100,654320,1599780,74,55,26.378,12.858,3.049,58.4,1
Lesotho,2021,2281454,672573,1608881,null,53,26.107,14.186,3.018,57,1
Liberia,2017,null,null,null,50,61,33.151,8.954,4.396,62.1,null
Liberia,2018,4889391,2500972,2388419,51,61,32.706,8.793,4.336,60.9,2
Liberia,2019,4985289,2573157,2412132,52,61,32.181,8.658,4.257,59.6,2
Liberia,2020,5087584,2650072,2437512,53,61,31.708,8.753,4.174,58.2,2
Liberia,2021,5193416,2730335,2463081,null,61,31.287,8.838,4.089,56.7,2
Libya,2017,null,null,null,4,72,19.898,5.284,2.626,10.6,null
Libya,2018,6477793,5188842,1288951,4,73,19.282,5.245,2.581,10.2,2
Libya,2019,6569088,5281087,1288001,4,72,18.732,5.454,2.539,9.9,1
Libya,2020,6653942,5369132,1284810,4,72,18.302,5.598,2.507,9.5,1
Libya,2021,6735277,5455170,1280107,null,72,17.828,6.018,2.462,9.2,1
Liechtenstein,2017,null,null,null,237,84,8.9,6.6,1.44,null,null
Liechtenstein,2018,38181,5474,32707,239,83,9.9,7.2,1.58,null,1
Liechtenstein,2019,38482,5530,32952,241,84,9.2,6.8,1.48,null,1
Liechtenstein,2020,38756,5587,33169,242,82,9.1,8.2,1.46,null,1
Liechtenstein,2021,39039,5649,33390,null,84,9.6,6.9,1.53,null,1
Lithuania,2017,null,null,null,45,75,10.1,14.2,1.63,3.6,null
Lithuania,2018,2801543,1896056,905487,45,76,10,14.1,1.63,3.3,-1
Lithuania,2019,2794137,1895962,898175,45,76,9.8,13.7,1.61,3.1,0
Lithuania,2020,2794885,1901807,893078,45,75,9,15.6,1.48,2.9,0
Lithuania,2021,2800839,1911545,889294,null,74,8.3,17,1.34,2.7,0
Luxembourg,2017,null,null,null,232,82,10.4,7.1,1.39,2.3,null
Luxembourg,2018,607950,553119,54831,236,82,10.3,7.1,1.38,2.3,2
Luxembourg,2019,620001,565584,54417,241,83,10,6.9,1.34,2.3,2
Luxembourg,2020,630419,576537,53882,245,82,10.2,7.3,1.36,2.3,2
Luxembourg,2021,640064,586759,53305,null,83,10.5,7,1.38,2.2,2
Macao,2017,null,null,null,"20,734",85,10.877,3.864,1.123,null,null
Macao,2018,650991,650991,null,"19,787",85,10.621,3.86,1.104,null,2
Macao,2019,663653,663653,null,"20,172",85,10.295,3.983,1.077,null,2
Macao,2020,676283,676283,null,"20,556",85,10.128,4.047,1.072,null,2
Macao,2021,686607,686607,null,null,85,10.114,4.111,1.088,null,2
Madagascar,2017,null,null,null,45,65,32.477,6.79,4.109,45.1,null
Madagascar,2018,26846541,9984497,16862044,46,65,32.088,6.736,4.043,45.2,3
Madagascar,2019,27533134,10424320,17108814,47,66,31.701,6.518,3.978,45.3,3
Madagascar,2020,28225177,10876290,17348887,49,65,31.343,6.801,3.918,45.3,2
Madagascar,2021,28915653,11336960,17578693,null,64,30.949,7.104,3.851,45.3,2
Malawi,2017,null,null,null,190,63,34.343,7.149,4.22,35.5,null
Malawi,2018,18367883,3110968,15256915,195,63,33.925,6.955,4.14,34.2,3
Malawi,2019,18867337,3240276,15627061,200,64,33.598,6.611,4.072,33,3
Malawi,2020,19377061,3376840,16000221,206,64,33.233,6.706,3.995,32.1,3
Malawi,2021,19889742,3519490,16370252,null,63,32.859,6.983,3.917,31.2,3
Malaysia,2017,null,null,null,97,75,16.355,5.132,1.929,6.9,null
Malaysia,2018,32399271,24635110,7764161,99,76,15.978,5.175,1.881,6.9,1
Malaysia,2019,32804020,25130176,7673844,100,76,15.58,5.253,1.834,6.7,1
Malaysia,2020,33199993,25617115,7582878,101,76,15.417,5.311,1.818,6.6,1
Malaysia,2021,33573874,26085557,7488317,null,75,15.24,6.034,1.803,6.5,1
Maldives,2017,null,null,null,"1,575",80,16.126,2.784,1.845,7.1,null
Maldives,2018,489758,194963,294795,"1,633",80,15.531,2.828,1.784,6.5,4
Maldives,2019,504508,203004,301504,"1,682",80,15.001,2.858,1.736,6,3
Maldives,2020,514438,209217,305221,"1,715",80,14.576,3.001,1.712,5.5,2
Maldives,2021,521457,214329,307128,null,80,14.088,3.02,1.692,5.1,1
Mali,2017,null,null,null,16,59,43.378,9.637,6.251,67.3,null
Mali,2018,19934298,8443371,11490927,16,59,42.901,9.419,6.183,65.9,3
Mali,2019,20567424,8871964,11695460,17,60,42.376,9.205,6.103,64.4,3
Mali,2020,21224040,9319264,11904776,17,59,41.995,9.529,6.035,63,3
Mali,2021,21904983,9786489,12118494,null,59,41.643,9.274,5.956,61.6,3
Malta,2017,null,null,null,"1,462",82,9.2,7.6,1.26,5.6,null
Malta,2018,484630,458518,26112,"1,514",82,9.2,7.6,1.23,5.5,3
Malta,2019,504062,477236,26826,"1,575",83,8.6,7.3,1.14,5.3,4
Malta,2020,515332,488246,27086,"1,610",82,8.6,7.9,1.13,5.2,2
Malta,2021,518536,491624,26912,null,83,8.5,8,1.14,5.1,1
Marshall Islands,2017,null,null,null,262,64,22.268,7.097,2.929,27.8,null
Marshall Islands,2018,45989,35426,10563,255,65,21.514,7.187,2.877,27.1,-3
Marshall Islands,2019,44728,34627,10101,248,65,20.744,7.29,2.824,26.3,-3
Marshall Islands,2020,43413,33773,9640,241,65,20.006,7.425,2.777,25.6,-3
Marshall Islands,2021,42050,32867,9183,null,65,19.28,7.556,2.729,24.8,-3
Mauritania,2017,null,null,null,4,65,34.425,7.446,4.664,35.5,null
Mauritania,2018,4270712,2292177,1978535,4,65,34.183,7.248,4.607,34.7,3
Mauritania,2019,4383849,2389505,1994344,4,66,33.723,7.003,4.521,33.8,3
Mauritania,2020,4498604,2488943,2009661,4,65,33.427,7.466,4.455,33,3
Mauritania,2021,4614974,2590523,2024451,null,64,33.194,7.44,4.398,32.2,3
Mauritius,2017,null,null,null,623,75,10.7,8,1.44,13.3,null
Mauritius,2018,1265577,516267,749310,623,74,10.2,8.5,1.41,13.8,0
Mauritius,2019,1265985,516091,749894,624,74,10.2,8.8,1.4,14.5,0
Mauritius,2020,1266014,516027,749987,624,74,10.6,8.7,1.44,14.9,0
Mauritius,2021,1266334,516348,749986,null,74,10.3,10.5,1.41,15.3,0
Mexico,2017,null,null,null,63,74,16.947,6.615,2.041,13.1,null
Mexico,2018,124013861,99404550,24609311,64,74,16.465,6.856,1.996,12.6,1
Mexico,2019,125085311,100623628,24461683,64,74,15.71,6.931,1.916,12.2,1
Mexico,2020,125998302,101719689,24278613,65,70,15.565,9.33,1.905,11.8,1
Mexico,2021,126705138,102651435,24053703,null,70,14.857,9.406,1.822,11.4,1
Micronesia,2017,null,null,null,158,71,21.451,5.265,2.893,23.6,null
Micronesia,2018,110929,25184,85745,158,71,21.2,5.472,2.84,23,0
Micronesia,2019,111379,25408,85971,159,71,21.059,5.728,2.801,22.2,0
Micronesia,2020,112106,25709,86397,160,71,20.837,6.065,2.754,21.6,1
Micronesia,2021,113131,26097,87034,null,71,20.777,6.211,2.711,21,1
Moldova,2017,null,null,null,96,71,13.805,13.088,1.81,13.1,null
Moldova,2018,2707203,1154054,1553149,94,70,13.443,13.339,1.809,12.9,-2
Moldova,2019,2664224,1138316,1525908,93,71,12.894,13.089,1.78,12.7,-2
Moldova,2020,2635130,1129127,1506003,92,70,12.481,14.445,1.77,12.5,-1
Moldova,2021,2615199,1124483,1490716,null,69,12.432,16.36,1.806,12.2,-1
Monaco,2018,37029,37029,null,"18,268",null,5.9,6.6,null,1,0
Monaco,2019,37034,37034,null,"18,270",null,0,0,null,1,0
Monaco,2020,36922,36922,null,"18,215",null,0,0,null,1,0
Monaco,2021,36686,36686,null,null,null,0,0,null,1,-1
Mongolia,2017,null,null,null,2,70,24.222,5.994,2.891,15.1,null
Mongolia,2018,3163991,2165594,998397,2,71,23.836,5.663,2.923,14.4,2
Mongolia,2019,3232430,2215604,1016826,2,72,23.292,5.499,2.937,13.8,2
Mongolia,2020,3294335,2261792,1032543,2,72,22.405,5.475,2.9,13.2,2
Mongolia,2021,3347782,2302772,1045010,null,71,21.413,6.131,2.837,12.7,2
Montenegro,2017,null,null,null,46,76,11.9,10.5,1.78,2.8,null
Montenegro,2018,622227,415729,206498,46,77,11.7,10.5,1.76,2.5,0
Montenegro,2019,622028,417692,204336,46,77,11.6,10.6,1.77,2.3,0
Montenegro,2020,621306,419307,201999,46,76,11.4,11.7,1.75,2.1,0
Montenegro,2021,619211,419986,199225,null,74,11.4,14.8,1.75,1.9,0
Morocco,2017,null,null,null,80,74,19.298,5.642,2.451,18.3,null
Morocco,2018,35927511,22437808,13489703,81,74,18.813,5.637,2.415,17.5,1
Morocco,2019,36304408,22869599,13434809,81,74,18.337,5.658,2.382,16.7,1
Morocco,2020,36688772,23309111,13379661,82,74,17.889,6.073,2.353,16.1,1
Morocco,2021,37076584,23753114,13323470,null,74,17.545,6.17,2.328,15.4,1
Mozambique,2017,null,null,null,36,60,38.127,8.69,4.922,56.7,null
Mozambique,2018,29423878,10589065,18834813,37,61,37.753,8.337,4.852,55.2,3
Mozambique,2019,30285595,11062722,19222873,39,61,37.345,8.04,4.783,53.6,3
Mozambique,2020,31178239,11559020,19619219,40,61,36.974,8.004,4.713,52.5,3
Mozambique,2021,32077072,12069961,20007111,null,59,36.598,8.793,4.644,51,3
Myanmar,2017,null,null,null,80,66,18.129,8.808,2.234,38.1,null
Myanmar,2018,52666014,16104740,36561274,81,66,17.869,8.622,2.213,37,1
Myanmar,2019,53040212,16363966,36676246,81,67,17.663,8.692,2.2,35.8,1
Myanmar,2020,53423198,16636518,36786680,82,67,17.363,8.819,2.174,34.7,1
Myanmar,2021,53798084,16918421,36879663,null,66,17.103,9.769,2.151,33.7,1
Namibia,2017,null,null,null,3,62,29.503,8.47,3.511,32,null
Namibia,2018,2405680,1203610,1202070,3,63,29.008,8.403,3.462,31.5,2
Namibia,2019,2446644,1248816,1197828,3,63,28.433,8.248,3.404,30.7,2
Namibia,2020,2489098,1295152,1193946,3,63,27.876,8.475,3.349,30,2
Namibia,2021,2530151,1341107,1189044,null,59,27.439,10.709,3.303,29.4,2
Nauru,2017,null,null,null,584,63,30.375,6.65,3.731,26.1,null
Nauru,2018,11924,11924,null,596,63,29.686,6.566,3.67,25.4,2
Nauru,2019,12132,12132,null,607,63,29.124,6.48,3.618,24.7,2
Nauru,2020,12315,12315,null,616,63,28.364,6.602,3.571,23.9,1
Nauru,2021,12511,12511,null,null,64,27.56,6.633,3.519,23.2,2
Nepal,2017,null,null,null,197,69,21.376,6.971,2.15,26.6,null
Nepal,2018,28506712,5627225,22879487,199,69,21.026,7.041,2.104,25.5,1
Nepal,2019,28832496,5810613,23021883,201,70,20.868,6.871,2.08,24.5,1
Nepal,2020,29348627,6038773,23309854,205,69,20.64,7.209,2.055,23.6,2
Nepal,2021,30034989,6309750,23725239,null,68,20.402,7.776,2.029,22.8,2
Netherlands,2017,null,null,null,509,82,9.9,8.8,1.62,3.5,null
Netherlands,2018,17231624,15765213,1466411,512,82,9.8,8.9,1.59,3.5,1
Netherlands,2019,17344874,15935776,1409098,515,82,9.8,8.8,1.57,3.5,1
Netherlands,2020,17441500,16087342,1354158,518,81,9.7,9.7,1.54,3.5,1
Netherlands,2021,17533044,16230689,1302355,null,81,10.2,9.8,1.62,3.5,1
New Caledonia,2017,null,null,null,15,78,15,5.7,2.04,null,null
New Caledonia,2018,271170,191671,79499,15,80,15,5.7,2.06,null,0
New Caledonia,2019,271240,192862,78378,15,80,15.2,6,2.1,null,0
New Caledonia,2020,272460,194858,77602,15,81,14.6,5.7,2.04,null,0
New Caledonia,2021,274660,197549,77111,null,79,14.3,7.2,2.02,null,1
New Zealand,2017,null,null,null,18,82,12.38,6.92,1.81,4.3,null
New Zealand,2018,4900600,4240881,659719,19,82,11.84,6.78,1.71,4.2,2
New Zealand,2019,4979200,4312734,666466,19,82,11.96,6.87,1.72,4.1,2
New Zealand,2020,5090200,4413152,677048,19,82,11.32,6.41,1.61,4,2
New Zealand,2021,5111400,4436133,675267,null,82,11.48,6.83,1.64,3.9,0
Nicaragua,2017,null,null,null,54,74,22.09,4.619,2.43,14.4,null
Nicaragua,2018,6572233,3846202,2726031,55,74,21.704,4.605,2.404,13.6,1
Nicaragua,2019,6663924,3915722,2748202,55,74,21.305,4.626,2.377,12.8,1
Nicaragua,2020,6755895,3986789,2769106,56,72,20.903,5.703,2.349,12.1,1
Nicaragua,2021,6850540,4060795,2789745,null,74,20.507,4.859,2.321,11.4,1
Niger,2017,null,null,null,17,62,46.351,8.239,7.084,60.6,null
Niger,2018,22577058,3708282,18868776,18,62,46.127,8.061,7.023,60.4,4
Niger,2019,23443393,3872145,19571248,19,63,45.859,7.824,6.961,60.2,4
Niger,2020,24333639,4045711,20287928,19,61,45.588,8.281,6.892,59.9,4
Niger,2021,25252722,4230083,21022639,null,62,45.293,8.141,6.82,59.5,4
Nigeria,2017,null,null,null,212,52,38.689,13.435,5.523,77.1,null
Nigeria,2018,198387623,99876265,98511358,218,53,38.248,13.239,5.447,75.5,2
Nigeria,2019,203304492,104004479,99300013,223,53,37.849,12.989,5.379,73.9,2
Nigeria,2020,208327405,108242753,100084652,229,53,37.467,12.997,5.309,72.3,2
Nigeria,2021,213401323,112560662,100840661,null,53,37.117,13.083,5.237,70.6,2
North Korea,2017,null,null,null,212,73,13.514,8.502,1.857,14.4,null
North Korea,2018,25638149,15869758,9768391,213,73,13.488,8.721,1.845,13.7,0
North Korea,2019,25755441,16002886,9752555,214,73,13.487,8.878,1.84,13.1,0
North Korea,2020,25867467,16136385,9731082,215,73,13.333,9.078,1.818,11.6,0
North Korea,2021,25971909,16269323,9702586,null,73,13.24,9.313,1.809,10.1,0
North Macedonia,2017,null,null,null,82,76,10.5,9.8,1.43,8.5,null
North Macedonia,2018,2076217,1203438,872779,82,77,10.3,9.5,1.42,7.1,0
North Macedonia,2019,2076694,1208802,867892,82,77,9.6,9.8,1.34,6,0
North Macedonia,2020,2072531,1212058,860473,82,74,9.2,12.4,1.31,5.2,0
North Macedonia,2021,2065092,1213985,851107,null,75,10.2,15.5,1.6,4.6,0
Northern Mariana Islands,2018,50304,46088,4216,109,null,0,0,null,null,-1
Northern Mariana Islands,2019,49858,45724,4134,108,null,13.2,4,null,null,-1
Northern Mariana Islands,2020,49587,45520,4067,108,null,0,0,null,null,-1
Northern Mariana Islands,2021,49481,45468,4013,null,null,0,0,null,null,0
Norway,2017,null,null,null,14,83,10.7,7.7,1.62,2.1,null
Norway,2018,5311916,4368945,942971,15,83,10.4,7.7,1.56,2,1
Norway,2019,5347896,4418218,929678,15,83,10.2,7.6,1.53,1.9,1
Norway,2020,5379475,4463566,915909,15,83,9.8,7.5,1.48,1.8,1
Norway,2021,5408320,4506374,901946,null,83,10.4,7.8,1.55,1.8,1
Oman,2017,null,null,null,15,78,20.282,2.155,2.937,9.4,null
Oman,2018,4601157,3889772,711385,15,78,19.816,2.172,2.883,9.3,1
Oman,2019,4602768,3932743,670025,15,78,19.298,2.205,2.776,9.1,0
Oman,2020,4543399,3919863,623536,15,75,18.791,3.025,2.687,8.9,-1
Oman,2021,4520471,3934799,585672,null,73,18.419,3.796,2.623,8.7,-1
Pakistan,2017,null,null,null,281,66,28.963,6.89,3.759,59,null
Pakistan,2018,219731479,80566744,139164735,285,66,28.594,6.843,3.685,57.4,2
Pakistan,2019,223293280,82410851,140882429,290,67,28.276,6.765,3.62,55.9,2
Pakistan,2020,227196741,84437669,142759072,295,66,27.967,7.06,3.555,54.4,2
Pakistan,2021,231402117,86636953,144765164,null,66,27.519,7.168,3.47,52.8,2
Palau,2017,null,null,null,39,null,12.4,10.3,0,17.2,null
Palau,2018,17864,14279,3585,39,null,14,7.8,0,16.6,0
Palau,2019,17916,14417,3499,39,null,11.2,10.2,0,16.2,0
Palau,2020,17972,14555,3417,39,null,12.1,8.4,0.85,15.7,0
Palau,2021,18024,14686,3338,null,null,13.4,10.2,0,15.1,0
Panama,2017,null,null,null,55,78,19.317,4.947,2.493,13.7,null
Panama,2018,4165255,2820253,1345002,56,78,18.814,5.013,2.441,13.2,2
Panama,2019,4232532,2880619,1351913,57,78,18.228,5.12,2.375,12.8,2
Panama,2020,4294396,2937968,1356428,58,77,17.919,5.747,2.344,12.4,1
Panama,2021,4351267,2992584,1358683,null,76,17.692,6.067,2.325,11.9,1
Papua New Guinea,2017,null,null,null,20,65,27.216,6.508,3.432,38.3,null
Papua New Guinea,2018,9329227,1228566,8100661,21,65,26.834,6.532,3.382,37.3,2
Papua New Guinea,2019,9542486,1264379,8278107,21,65,26.37,6.468,3.322,36.4,2
Papua New Guinea,2020,9749640,1301089,8448551,22,66,25.996,6.402,3.274,35.4,2
Papua New Guinea,2021,9949437,1338796,8610641,null,65,25.514,6.683,3.215,34.4,2
Paraguay,2017,null,null,null,16,74,21.962,5.445,2.591,17.7,null
Paraguay,2018,6443328,3968124,2475204,16,74,21.664,5.569,2.561,17.1,1
Paraguay,2019,6530026,4040715,2489311,16,74,21.281,5.636,2.525,16.6,1
Paraguay,2020,6618695,4115703,2502992,17,73,20.946,5.916,2.497,16.1,1
Paraguay,2021,6703799,4189606,2514193,null,70,20.627,7.638,2.469,15.6,1
Peru,2017,null,null,null,25,76,18.269,6.173,2.281,12.2,null
Peru,2018,32203944,25089127,7114817,25,76,18.092,6.103,2.26,11.9,2
Peru,2019,32824861,25635888,7188973,26,76,18.042,6.006,2.242,11.6,2
Peru,2020,33304756,26076625,7228131,26,74,17.833,7.327,2.216,11.3,1
Peru,2021,33715471,26466645,7248826,null,72,17.622,7.988,2.192,11,1
Philippines,2017,null,null,null,358,72,22.664,5.665,2.865,22.7,null
Philippines,2018,108568836,50926384,57642452,364,72,22.445,5.631,2.831,22.2,2
Philippines,2019,110380804,52043445,58337359,370,72,22.254,5.609,2.805,21.6,2
Philippines,2020,112190977,53187498,59003479,376,72,22.039,5.566,2.777,21,2
Philippines,2021,113880328,54302696,59577632,null,69,21.813,7.311,2.748,20.5,1
Poland,2017,null,null,null,124,78,10.6,10.6,1.48,4,null
Poland,2018,37974750,22806875,15167875,124,78,10.2,10.9,1.46,3.9,0
Poland,2019,37965475,22793332,15172143,124,78,9.9,10.8,1.44,3.8,0
Poland,2020,37899070,22755739,15143331,124,77,9.4,12.6,1.39,3.7,0
Poland,2021,37747124,22676585,15070539,null,76,8.8,13.8,1.33,3.7,0
Portugal,2017,null,null,null,112,81,8.4,10.7,1.38,3,null
Portugal,2018,10283822,6706183,3577639,112,81,8.5,11,1.42,2.9,0
Portugal,2019,10286263,6764658,3521605,112,82,8.4,10.9,1.43,2.8,0
Portugal,2020,10297081,6827994,3469087,112,81,8.2,12,1.41,2.7,0
Portugal,2021,10325147,6902258,3422889,null,81,7.7,12.1,1.38,2.5,0
Puerto Rico,2017,null,null,null,375,79,7.3,9.222,1.101,null,null
Puerto Rico,2018,3193354,2988277,205077,360,80,6.7,9.063,1.035,null,-4
Puerto Rico,2019,3193694,2988531,205163,360,79,6.4,9.194,0.982,null,0
Puerto Rico,2020,3281557,3070914,210643,370,78,6,9.6,0.922,null,3
Puerto Rico,2021,3262693,3053620,209073,null,80,5.9,8.6,0.907,null,-1
Qatar,2017,null,null,null,236,81,10.228,0.985,1.839,5.9,null
Qatar,2018,2766732,2742800,23932,241,81,10.598,0.982,1.848,5.5,2
Qatar,2019,2807235,2784440,22795,244,81,10.743,0.991,1.834,5.2,1
Qatar,2020,2760385,2739268,21117,240,79,10.895,1.219,1.816,4.8,-2
Qatar,2021,2688235,2668826,19409,null,79,9.816,1.311,1.801,4.5,-3
Republic Of Congo,2017,null,null,null,16,64,33.025,6.924,4.433,35.7,null
Republic Of Congo,2018,5441062,3640941,1800121,16,64,32.337,6.797,4.367,34.8,2
Republic Of Congo,2019,5570733,3753170,1817563,16,63,31.676,7.388,4.296,35.9,2
Republic Of Congo,2020,5702174,3867728,1834446,17,64,31.155,6.923,4.234,32.9,2
Republic Of Congo,2021,5835806,3984863,1850943,null,64,30.691,7.063,4.171,32,2
Romania,2017,null,null,null,85,75,10.8,13.4,1.71,6.6,null
Romania,2018,19473970,10515554,8958416,85,75,10.8,13.6,1.76,6.1,-1
Romania,2019,19371648,10476962,8894686,84,76,10.3,13.4,1.77,5.8,-1
Romania,2020,19265250,10440610,8824640,84,74,10.3,15.5,1.8,5.5,-1
Romania,2021,19119880,10387640,8732240,null,73,9.3,17.5,1.8,5.3,-1
Russia,2017,null,null,null,9,72,11.5,12.4,1.621,5.6,null
Russia,2018,144477859,107539205,36938654,9,73,10.9,12.5,1.579,5.1,0
Russia,2019,144406261,107708298,36697963,9,73,10.1,12.3,1.504,4.7,0
Russia,2020,144073139,107700434,36372705,9,71,9.8,14.6,1.505,4.4,0
Russia,2021,143449286,107492288,35956998,null,69,9.6,16.7,1.493,4.1,0
Rwanda,2017,null,null,null,496,66,31.399,6.367,4.027,32.9,null
Rwanda,2018,12531808,2156849,10374959,508,66,31.158,6.227,3.994,32.1,2
Rwanda,2019,12835028,2222128,10612900,520,66,30.776,6.137,3.939,31.2,2
Rwanda,2020,13146362,2291674,10854688,533,67,30.309,5.998,3.873,30.4,2
Rwanda,2021,13461888,2364984,11096904,null,66,29.976,6.28,3.821,29.7,2
Samoa,2017,null,null,null,75,73,28.579,5.29,4.183,15.6,null
Samoa,2018,209701,38256,171445,75,73,28.222,5.297,4.109,15.3,1
Samoa,2019,211905,38262,173643,76,72,27.895,5.5,4.047,15,1
Samoa,2020,214929,38449,176480,77,73,27.622,5.305,3.997,14.7,1
Samoa,2021,218764,38813,179951,null,73,27.254,5.343,3.93,14.4,2
San Marino,2018,34156,33209,947,569,null,6.8,7.1,null,1.7,0
San Marino,2019,34178,33278,900,570,null,6.7,7.2,null,1.6,0
San Marino,2020,34007,33156,851,567,null,6.4,9.9,null,1.6,-1
San Marino,2021,33745,32942,803,null,null,6.2,9.1,null,1.5,-1
Sao Tome And Principe,2017,null,null,null,217,68,30.41,5.863,4.142,15.7,null
Sao Tome And Principe,2018,211344,153865,57479,220,68,29.535,5.879,4.044,14.5,2
Sao Tome And Principe,2019,214599,157941,56658,224,69,28.917,5.876,3.964,13.6,2
Sao Tome And Principe,2020,218641,162568,56073,228,68,28.435,6.294,3.893,12.8,2
Sao Tome And Principe,2021,223107,167493,55614,null,68,28.263,6.387,3.823,12.1,2
Saudi Arabia,2017,null,null,null,16,77,18.903,2.64,2.584,6.9,null
Saudi Arabia,2018,35018133,29360603,5657530,16,77,18.703,2.655,2.546,6.6,2
Saudi Arabia,2019,35827362,30118272,5709090,17,77,18.451,2.656,2.504,6.3,2
Saudi Arabia,2020,35997107,30340882,5656225,17,76,18.238,2.913,2.465,6,0
Saudi Arabia,2021,35950396,30380961,5569435,null,77,17.473,2.864,2.427,5.7,0
Senegal,2017,null,null,null,79,68,34.224,5.721,4.622,33,null
Senegal,2018,15574909,7350111,8224798,81,68,33.955,5.579,4.584,31.9,3
Senegal,2019,16000781,7624852,8375929,83,69,33.47,5.409,4.517,30.9,3
Senegal,2020,16436120,7909390,8526730,85,68,33.034,5.584,4.454,30,3
Senegal,2021,16876720,8202086,8674634,null,67,32.573,5.922,4.387,29.1,3
Serbia,2017,null,null,null,80,76,9.2,14.8,1.49,5.1,null
Serbia,2018,6982604,3916682,3065922,80,76,9.2,14.6,1.49,5,-1
Serbia,2019,6945235,3907389,3037846,79,76,9.3,14.6,1.52,4.9,-1
Serbia,2020,6899126,3894281,3004845,79,74,8.9,16.9,1.48,4.8,-1
Serbia,2021,6834326,3871714,2962612,null,73,9.1,20,1.48,4.7,-1
Seychelles,2017,null,null,null,208,74,17.2,7.8,2.41,12.6,null
Seychelles,2018,96762,54855,41907,210,73,17.1,8.4,2.41,12.5,1
Seychelles,2019,97625,55762,41863,212,74,16.4,8.1,2.36,12.4,1
Seychelles,2020,98462,56661,41801,214,77,15.8,6.8,2.29,12.2,1
Seychelles,2021,99258,57542,41716,null,73,16.8,9.3,2.46,12,1
Sierra Leone,2017,null,null,null,106,59,33.568,9.88,4.389,87.6,null
Sierra Leone,2018,7861281,3306062,4555219,109,60,33.099,9.308,4.294,85.2,2
Sierra Leone,2019,8046828,3418614,4628214,111,60,32.549,9.065,4.192,82.8,2
Sierra Leone,2020,8233970,3534267,4699703,114,60,31.914,9.296,4.08,80.5,2
Sierra Leone,2021,8420641,3652200,4768441,null,60,31.36,9.113,3.978,78.3,2
Singapore,2017,null,null,null,"7,882",83,8.9,5,1.16,2.2,null
Singapore,2018,5638676,5638676,null,"7,897",83,8.8,5,1.14,2.1,0
Singapore,2019,5703569,5703569,null,"7,966",84,8.8,5,1.14,2,1
Singapore,2020,5685807,5685807,null,"7,919",84,8.5,5.2,1.1,1.8,0
Singapore,2021,5453566,5453566,null,null,83,8.6,5.8,1.12,1.7,-4
Sint Maarten (Dutch Part),2017,null,null,null,"1,193",75,9,4.2,1.627,null,null
Sint Maarten (Dutch Part),2018,40895,40895,null,"1,203",75,10.1,4,1.61,null,1
Sint Maarten (Dutch Part),2019,41608,41608,null,"1,224",75,9.6,4.7,1.601,null,2
Sint Maarten (Dutch Part),2020,42310,42310,null,"1,244",75,10,5.5,1.591,null,2
Sint Maarten (Dutch Part),2021,42846,42846,null,null,74,10.5,6.4,1.581,null,1
Slovak Republic,2017,null,null,null,113,77,10.7,9.9,1.52,5,null
Slovak Republic,2018,5446771,2926332,2520439,113,77,10.6,10,1.54,4.9,0
Slovak Republic,2019,5454147,2930459,2523688,113,78,10.5,9.8,1.57,4.8,0
Slovak Republic,2020,5458827,2934665,2524162,114,77,10.4,10.8,1.59,4.7,0
Slovak Republic,2021,5447247,2931708,2515539,null,75,10.4,13.5,1.64,4.6,0
Slovenia,2017,null,null,null,103,81,9.8,9.9,1.62,2,null
Slovenia,2018,2073894,1131123,942771,103,81,9.4,9.9,1.6,1.9,0
Slovenia,2019,2088385,1144894,943491,104,82,9.3,9.9,1.61,1.9,1
Slovenia,2020,2102419,1158811,943608,104,81,8.9,11.4,1.59,1.8,1
Slovenia,2021,2108079,1168445,939634,null,81,9,11,1.64,1.8,0
Solomon Islands,2017,null,null,null,23,70,31.743,5.11,4.218,18.2,null
Solomon Islands,2018,659249,156565,502684,24,70,31.219,5.052,4.157,17.7,2
Solomon Islands,2019,674993,163416,511577,24,70,30.762,4.989,4.104,17.1,2
Solomon Islands,2020,691191,170517,520674,25,70,30.223,5.082,4.038,16.6,2
Solomon Islands,2021,707851,177869,529982,null,70,29.785,5.028,3.983,16.1,2
Somalia,2017,null,null,null,24,56,45.457,11.891,6.738,79.1,null
Somalia,2018,15411094,6930523,8480571,25,56,44.992,11.444,6.632,77.1,4
Somalia,2019,15981300,7280121,8701179,25,57,44.564,11.041,6.531,74.9,4
Somalia,2020,16537016,7630345,8906671,26,56,44.007,11.39,6.417,72.9,3
Somalia,2021,17065581,7974917,9090664,null,55,43.561,11.596,6.312,71.1,3
South Africa,2017,null,null,null,47,65,20.643,8.802,2.334,28.3,null
South Africa,2018,57339635,38047715,19291920,47,66,21.137,8.765,2.418,27.8,1
South Africa,2019,58087055,38834681,19252374,48,66,21.276,8.614,2.475,27.3,1
South Africa,2020,58801927,39605450,19196477,48,65,20.326,9.425,2.401,26.9,1
South Africa,2021,59392255,40295863,19096392,null,62,19.821,11.432,2.374,26.4,1
South Korea,2017,null,null,null,527,83,7,5.6,1.052,2.8,null
South Korea,2018,51585058,42020672,9564386,529,83,6.4,5.8,0.977,2.8,0
South Korea,2019,51764822,42152095,9612727,530,83,5.9,5.7,0.918,2.7,0
South Korea,2020,51836239,42201956,9634283,531,83,5.3,5.9,0.837,2.6,0
South Korea,2021,51744876,42127573,9617303,null,84,5.1,6.2,0.808,2.5,0
South Sudan,2017,null,null,null,17,55,32.651,11.01,4.775,63.8,null
South Sudan,2018,10395329,2039044,8356285,16,56,30.147,10.584,4.696,63.8,-2
South Sudan,2019,10447666,2078981,8368685,17,56,29.058,10.531,4.619,63.8,1
South Sudan,2020,10606227,2142352,8463875,17,55,29.166,10.759,4.543,63.8,2
South Sudan,2021,10748272,2204901,8543371,null,55,29.107,11.05,4.469,63.8,1
Spain,2017,null,null,null,93,83,8.4,9.1,1.31,2.7,null
Spain,2018,46797754,37588424,9209330,94,83,7.9,9.1,1.26,2.7,0
Spain,2019,47134837,37974181,9160656,94,84,7.6,8.8,1.23,2.7,1
Spain,2020,47365655,38276186,9089469,95,82,7.2,10.4,1.19,2.6,0
Spain,2021,47415750,38433310,8982440,null,83,7.1,9.5,1.19,2.6,0
Sri Lanka,2017,null,null,null,347,75,15.17,7.029,2.053,6.8,null
Sri Lanka,2018,21670000,4003749,17666251,350,76,14.805,7.037,2.031,6.5,1
Sri Lanka,2019,21803000,4052088,17750912,352,76,14.534,7.072,2.019,6.2,1
Sri Lanka,2020,21919000,4101702,17817298,354,76,14.235,7.056,2,6,1
Sri Lanka,2021,22156000,4178622,17977378,null,76,14.019,7.36,1.99,5.8,1
St. Kitts And Nevis,2017,null,null,null,184,72,13.211,9.443,1.61,13.6,null
St. Kitts And Nevis,2018,47761,14699,33062,184,71,12.942,9.83,1.587,13.3,0
St. Kitts And Nevis,2019,47712,14695,33017,184,72,12.693,9.91,1.568,13,0
St. Kitts And Nevis,2020,47642,14694,32948,183,72,12.418,10.036,1.55,12.6,0
St. Kitts And Nevis,2021,47606,14713,32893,null,72,12.125,10.181,1.531,12.3,0
St. Lucia,2017,null,null,null,290,73,12.114,7.968,1.448,20.7,null
St. Lucia,2018,177888,33226,144662,292,73,11.986,7.976,1.436,21.2,0
St. Lucia,2019,178583,33491,145092,293,73,11.834,8.068,1.424,21.7,0
St. Lucia,2020,179237,33770,145467,294,73,11.667,8.205,1.411,22.1,0
St. Lucia,2021,179651,34026,145625,null,71,11.49,10.299,1.399,22.4,0
St. Martin (French Part),2017,null,null,null,690,79,17.423,4.747,2.518,null,null
St. Martin (French Part),2018,33852,null,null,677,81,17.022,4.176,2.517,null,-2
St. Martin (French Part),2019,33121,null,null,662,80,16.483,4.661,2.485,null,-2
St. Martin (French Part),2020,32553,null,null,651,80,15.768,4.788,2.448,null,-2
St. Martin (French Part),2021,31948,null,null,null,80,15.053,4.911,2.415,null,-2
St. Vincent And The Grenadines,2017,null,null,null,271,74,14.269,8.592,1.932,14.3,null
St. Vincent And The Grenadines,2018,105281,54955,50326,270,74,13.708,8.906,1.873,13.9,0
St. Vincent And The Grenadines,2019,104924,55205,49719,269,73,13.346,10.1,1.838,13.4,0
St. Vincent And The Grenadines,2020,104632,55488,49144,268,72,13.071,11.038,1.814,13,0
St. Vincent And The Grenadines,2021,104332,55768,48564,null,70,12.901,13.425,1.797,12.6,0
Sudan,2017,null,null,null,22,65,35.669,6.728,4.761,43.1,null
Sudan,2018,41999059,14549314,27449745,22,66,35.236,6.647,4.681,42,3
Sudan,2019,43232093,15103564,28128529,23,66,34.823,6.586,4.617,41,3
Sudan,2020,44440486,15666605,28773881,24,66,34.226,6.67,4.542,39.9,3
Sudan,2021,45657202,16250768,29406434,null,65,33.596,6.799,4.457,38.9,3
Suriname,2017,null,null,null,4,72,18.758,6.672,2.443,17.3,null
Suriname,2018,593715,392208,201507,4,73,18.577,6.753,2.418,16.8,1
Suriname,2019,600301,396769,203532,4,72,18.409,7.06,2.394,16.3,1
Suriname,2020,607065,401567,205498,4,73,18.279,7.036,2.371,15.8,1
Suriname,2021,612985,405913,207072,null,70,18.154,8.667,2.348,15.4,1
Sweden,2017,null,null,null,25,82,11.5,9.1,1.78,2.3,null
Sweden,2018,10175214,8896291,1278923,25,83,11.4,9.1,1.76,2.2,1
Sweden,2019,10278887,9015406,1263481,25,83,11.1,8.6,1.71,2.1,1
Sweden,2020,10353442,9108648,1244794,25,82,10.9,9.5,1.67,2.1,1
Sweden,2021,10415811,9190703,1225108,null,83,11,8.8,1.67,2,1
Switzerland,2017,null,null,null,214,84,10.3,7.9,1.52,3.6,null
Switzerland,2018,8514329,6283319,2231010,215,84,10.3,7.9,1.52,3.6,1
Switzerland,2019,8575280,6332759,2242521,217,84,10,7.9,1.48,3.5,1
Switzerland,2020,8638167,6384901,2253266,219,83,9.9,8.8,1.46,3.4,1
Switzerland,2021,8703405,6440172,2263233,null,84,10.3,8.2,1.52,3.4,1
Syrian Arab Republic,2017,null,null,null,103,68,18.568,6.033,2.939,19.1,null
Syrian Arab Republic,2018,19333463,10471390,8862073,105,70,18.155,5.554,2.886,19.2,2
Syrian Arab Republic,2019,20098251,11018062,9080189,109,72,18.883,5.033,2.835,18.8,4
Syrian Arab Republic,2020,20772595,11523597,9248998,113,72,19.67,4.99,2.798,18.8,3
Syrian Arab Republic,2021,21324367,11968088,9356279,null,72,20.111,5.117,2.747,18.4,3
Tajikistan,2017,null,null,null,64,70,28.932,5.172,3.29,31,null
Tajikistan,2018,9128132,2476827,6651305,66,70,28.688,5.014,3.294,30.2,2
Tajikistan,2019,9337003,2549842,6787161,67,71,28.267,4.843,3.281,29.4,2
Tajikistan,2020,9543207,2624955,6918252,69,68,27.53,6.121,3.237,28.5,2
Tajikistan,2021,9750064,2703303,7046761,null,72,26.749,4.548,3.186,27.6,2
Tanzania,2017,null,null,null,64,66,38.058,6.402,4.993,38.2,null
Tanzania,2018,58090443,19620628,38469815,66,67,37.525,6.177,4.923,36.8,3
Tanzania,2019,59872579,20656040,39216539,68,67,37.113,6.012,4.864,35.9,3
Tanzania,2020,61704518,21736651,39967867,70,66,36.651,6.179,4.795,34.9,3
Tanzania,2021,63588334,22862550,40725784,null,66,36.21,6.222,4.726,34.1,3
Thailand,2017,null,null,null,139,78,9.98,6.897,1.41,8.4,null
Thailand,2018,71127802,35527626,35600176,139,79,9.662,7.027,1.378,8.1,0
Thailand,2019,71307763,36147331,35160432,140,79,9.377,7.14,1.352,7.7,0
Thailand,2020,71475664,36759934,34715730,140,79,9.182,7.264,1.341,7.4,0
Thailand,2021,71601103,37349283,34251820,null,79,8.999,7.922,1.331,7.1,0
Timor-Leste,2017,null,null,null,84,68,26.487,7.163,3.596,48.6,null
Timor-Leste,2018,1261845,385847,875998,85,68,25.921,7.012,3.452,47.1,1
Timor-Leste,2019,1280438,396257,884181,86,68,25.511,6.888,3.336,45.7,1
Timor-Leste,2020,1299995,407158,892837,87,68,25.258,6.831,3.247,44.3,2
Timor-Leste,2021,1320942,418673,902269,null,68,24.944,7.233,3.149,43.1,2
Togo,2017,null,null,null,144,60,33.656,8.803,4.503,48.2,null
Togo,2018,8046679,3355626,4691053,148,60,33.186,8.766,4.442,46.8,2
Togo,2019,8243094,3482542,4760552,152,61,32.756,8.465,4.385,45.6,2
Togo,2020,8442580,3613424,4829156,155,61,32.302,8.417,4.323,44.5,2
Togo,2021,8644829,3748225,4896604,null,62,31.856,8.168,4.257,43.4,2
Tonga,2017,null,null,null,146,71,24.015,6.855,3.407,10.4,null
Tonga,2018,105150,24322,80828,146,71,23.625,6.888,3.349,10.2,0
Tonga,2019,104951,24251,80700,146,71,23.424,6.909,3.315,10.1,0
Tonga,2020,105254,24313,80941,146,71,23.139,6.946,3.267,9.8,0
Tonga,2021,106017,24494,81523,null,71,23.045,6.97,3.237,9.6,1
Trinidad And Tobago,2017,null,null,null,288,74,12.909,7.386,1.662,16.5,null
Trinidad And Tobago,2018,1504709,800264,704445,293,74,12.557,7.783,1.651,16,2
Trinidad And Tobago,2019,1519955,808418,711537,296,74,12.359,7.701,1.643,15.5,1
Trinidad And Tobago,2020,1518147,807867,710280,296,74,11.946,7.9,1.631,15,0
Trinidad And Tobago,2021,1525663,812644,713019,null,73,11.687,9.131,1.626,14.6,0
Tunisia,2017,null,null,null,76,76,18.399,5.974,2.221,14.7,null
Tunisia,2018,11933041,8227235,3705806,77,76,17.737,6.04,2.174,14.6,1
Tunisia,2019,12049314,8344632,3704682,78,76,17.215,6.145,2.148,14.5,1
Tunisia,2020,12161723,8460667,3701056,78,75,16.628,6.752,2.114,14.3,1
Tunisia,2021,12262946,8570328,3692618,null,74,16.093,7.884,2.086,14,1
Turkey,2017,null,null,null,107,77,17.368,5.129,2.14,9.8,null
Turkey,2018,82809304,62225395,20583909,108,78,16.481,5.065,2.054,9.2,1
Turkey,2019,83481684,63137198,20344486,108,78,15.594,5.084,1.967,8.6,1
Turkey,2020,84135428,64031267,20104161,109,76,15.033,6.378,1.917,8.1,1
Turkey,2021,84775404,64911679,19863725,null,76,14.678,6.398,1.889,7.7,1
Turkmenistan,2017,null,null,null,13,69,24.648,6.537,2.836,37.2,null
Turkmenistan,2018,6065066,3129150,2935916,13,69,23.845,6.639,2.786,37.2,2
Turkmenistan,2019,6158420,3205334,2953086,13,69,23.055,6.583,2.74,36.9,2
Turkmenistan,2020,6250438,3282480,2967958,13,69,22.294,6.836,2.701,36.5,1
Turkmenistan,2021,6341855,3361056,2980799,null,69,21.592,6.585,2.667,35.8,1
Turks And Caicos Islands,2017,null,null,null,42,77,13.308,7.328,1.741,4.2,null
Turks And Caicos Islands,2018,41487,38624,2863,44,76,13.13,7.651,1.723,4.1,4
Turks And Caicos Islands,2019,43080,40219,2861,45,75,12.849,8.458,1.692,4,4
Turks And Caicos Islands,2020,44276,41445,2831,47,75,12.685,8.823,1.679,3.9,3
Turks And Caicos Islands,2021,45114,42332,2782,null,75,12.476,9.241,1.669,3.8,2
Tuvalu,2017,null,null,null,361,64,22.999,10.082,3.186,20.6,null
Tuvalu,2018,10865,6778,4087,362,64,23.508,10.107,3.209,20,0
Tuvalu,2019,10956,6926,4030,365,64,23.619,10.161,3.199,19.3,1
Tuvalu,2020,11069,7086,3983,369,64,23.632,10.188,3.188,18.7,1
Tuvalu,2021,11204,7259,3945,null,65,23.484,10.159,3.163,18.1,1
UAE,2017,null,null,null,128,80,10.62,1.202,1.419,6.2,null
UAE,2018,9140169,7908257,1231912,129,80,10.049,1.324,1.356,6,1
UAE,2019,9211657,7994705,1216952,130,80,9.75,1.471,1.334,5.8,1
UAE,2020,9287289,8084399,1202890,131,79,10.62,1.766,1.46,5.6,1
UAE,2021,9365145,8175678,1189467,null,79,10.307,1.874,1.46,5.4,1
Uganda,2017,null,null,null,200,62,38.343,6.169,5.052,36,null
Uganda,2018,41515395,9869870,31645525,207,63,38.062,5.939,4.932,34.4,3
Uganda,2019,42949080,10462825,32486255,214,63,37.667,5.823,4.809,33.2,3
Uganda,2020,44404611,11080727,33323884,221,63,37.252,5.852,4.693,32.1,3
Uganda,2021,45853778,11717016,34136762,null,63,36.795,5.877,4.585,31.2,3
Ukraine,2017,null,null,null,77,72,9.4,14.5,1.374,7.6,null
Ukraine,2018,44622518,30946609,13675909,77,72,8.7,14.8,1.301,7.4,0
Ukraine,2019,44386203,30836427,13549776,77,72,8.1,14.7,1.228,7.3,-1
Ukraine,2020,44132049,30719437,13412612,76,71,7.8,15.9,1.217,7.1,-1
Ukraine,2021,43792855,30548582,13244273,null,70,7.3,18.5,1.16,7,-1
United Kingdom,2017,null,null,null,273,81,11.4,9.2,1.74,3.8,null
United Kingdom,2018,66460344,55426598,11033746,275,81,11,9.2,1.68,3.8,1
United Kingdom,2019,66836327,55909924,10926403,276,81,10.7,9,1.63,3.8,1
United Kingdom,2020,67081234,56283168,10798066,277,80,10.1,10.1,1.56,3.7,0
United Kingdom,2021,67026300,56403972,10622328,null,81,10.1,9.7,1.56,3.7,0
United States,2017,null,null,null,36,79,11.8,8.638,1.766,5.7,null
United States,2018,326838199,268844029,57994170,36,79,11.6,8.678,1.73,5.6,1
United States,2019,328329953,270737596,57592357,36,79,11.4,8.7,1.706,5.5,0
United States,2020,331511512,274040676,57470836,36,77,10.9,10.3,1.642,5.4,1
United States,2021,332031554,275164510,56867044,null,76,11,10.4,1.664,5.4,0
Uruguay,2017,null,null,null,20,78,12.579,9.724,1.796,6.8,null
Uruguay,2018,3427042,3267136,159906,20,78,11.605,9.863,1.658,6.3,0
Uruguay,2019,3428409,3271594,156815,20,78,10.822,10.057,1.546,5.8,0
Uruguay,2020,3429086,3275291,153795,20,78,10.339,9.432,1.477,5.4,0
Uruguay,2021,3426260,3275607,150653,null,75,10.473,12.162,1.493,5,0
Uzbekistan,2017,null,null,null,74,71,22.1,5,2.419,15.2,null
Uzbekistan,2018,32956100,16635580,16320520,75,71,23.3,4.7,2.604,14.4,2
Uzbekistan,2019,33580350,16935578,16644772,76,71,24.3,4.6,2.785,13.8,2
Uzbekistan,2020,34232050,17258430,16973620,78,70,24.6,5.1,2.904,13.2,2
Uzbekistan,2021,34915100,17606637,17308463,null,71,25.9,5,3.173,12.6,2
Vanuatu,2017,null,null,null,24,70,31.484,5.829,3.91,21.9,null
Vanuatu,2018,297298,75139,222159,24,70,30.889,5.739,3.855,21.4,2
Vanuatu,2019,304404,77300,227104,25,70,30.4,5.663,3.813,20.9,2
Vanuatu,2020,311685,79558,232127,26,70,29.939,5.487,3.778,20.3,2
Vanuatu,2021,319137,81907,237230,null,70,29.438,5.395,3.735,19.7,2
Venezuela,2017,null,null,null,35,72,18.502,6.735,2.294,21.1,null
Venezuela,2018,29825653,26308612,3517041,34,72,17.832,6.864,2.272,21.1,-2
Venezuela,2019,28971683,25564613,3407070,33,72,16.888,7.017,2.25,21.1,-3
Venezuela,2020,28490453,25151087,3339366,32,71,16.213,7.575,2.23,21.1,-2
Venezuela,2021,28199867,24907533,3292334,null,71,15.877,8.124,2.211,21.1,-1
Vietnam,2017,null,null,null,300,74,16.1,6.577,1.93,17.1,null
Vietnam,2018,94914330,34092278,60822052,303,74,15.873,6.663,1.937,17,1
Vietnam,2019,95776716,35081096,60695620,306,74,15.663,6.706,1.948,16.8,1
Vietnam,2020,96648685,36088619,60560066,308,75,15.4,6.169,1.955,16.6,1
Vietnam,2021,97468029,37088534,60379495,null,74,15.008,7.317,1.944,16.4,1
Virgin Islands (U.S.),2017,null,null,null,307,79,12.8,7.7,2.08,null,null
Virgin Islands (U.S.),2018,107001,102422,4579,306,80,12.6,7.9,2.06,null,0
Virgin Islands (U.S.),2019,106669,102223,4446,305,80,12.3,8.2,2.05,null,0
Virgin Islands (U.S.),2020,106290,101974,4316,304,80,12.1,8.4,2.03,null,0
Virgin Islands (U.S.),2021,105870,101678,4192,null,80,11.8,8.6,2.01,null,0
West Bank And Gaza,2017,null,null,null,740,75,30.973,3.26,3.807,14.7,null
West Bank And Gaza,2018,4569087,3479999,1089088,759,75,30.126,3.317,3.712,14.1,3
West Bank And Gaza,2019,4685306,3581448,1103858,778,75,29.466,3.225,3.642,13.7,3
West Bank And Gaza,2020,4803269,3685020,1118249,798,74,28.8,3.489,3.57,13.2,2
West Bank And Gaza,2021,4922749,3790664,1132085,null,73,28.236,3.815,3.504,12.8,2
Yemen,2017,null,null,null,57,66,32.713,6.082,4.112,46,null
Yemen,2018,30790513,11282260,19508253,58,65,32.305,6.629,4.043,46.6,2
Yemen,2019,31546691,11758398,19788293,60,65,31.778,6.416,3.963,46.5,2
Yemen,2020,32284046,12238236,20045810,61,65,31.252,6.509,3.886,45.8,2
Yemen,2021,32981641,12713103,20268538,null,64,30.544,6.845,3.795,46.7,2
Zambia,2017,null,null,null,23,62,36.601,6.809,4.614,44.2,null
Zambia,2018,17835893,7762359,10073534,24,62,36.04,6.748,4.536,43.6,3
Zambia,2019,18380477,8100644,10279833,25,63,35.462,6.571,4.451,42.4,3
Zambia,2020,18927715,8447250,10480465,25,62,34.953,6.602,4.379,41.1,3
Zambia,2021,19473125,8800295,10672830,null,61,34.511,6.973,4.308,40.2,3
Zimbabwe,2017,null,null,null,38,61,32.516,8.266,3.706,39.5,null
Zimbabwe,2018,15052184,4848158,10204026,39,61,32.074,7.972,3.659,38,2
Zimbabwe,2019,15354608,4945719,10408889,40,61,31.518,8.043,3.599,37.1,2
Zimbabwe,2020,15669666,5052214,10617452,41,61,31.009,8.132,3.545,36.6,2
Zimbabwe,2021,15993524,5166388,10827136,null,59,30.537,9.057,3.491,35.7,2
